implementation_id,surface,functional_area,route_method,route_path,route_file,handler,view_path,layout,device_support,screen_kind,state,auth_required,rbac_permissions,facility_scope,department_scope,reachable,reachability_evidence,partials,client_js,implementation_substance,notes
ACV7-IMPL-0001,PUBLIC,PUBLIC_PLATFORM,GET,/,src/activeclinic/http/activeClinicPublicRoutes.js,registerActiveClinicPublicRoutes,views/activeclinic/public/home.ejs,layouts/public-shell.ejs,DESKTOP|MOBILE,PRIMARY_SCREEN,DEFAULT,false,,false,,REACHABLE,GET / registered; platform header Home,partials/public-platform-header.ejs|partials/ac-mobile-bottom-nav-platform.ejs,public/activeclinic/ac-public.js,FUNCTIONAL,Public marketing home
ACV7-IMPL-0002,PUBLIC,PUBLIC_PLATFORM,GET,/about,src/activeclinic/http/activeClinicPublicRoutes.js,,views/activeclinic/public/about.ejs,layouts/public-shell.ejs,DESKTOP|MOBILE,PRIMARY_SCREEN,DEFAULT,false,,false,,REACHABLE,GET /about; header About link,partials/public-platform-header.ejs,public/activeclinic/ac-public.js,FUNCTIONAL,
ACV7-IMPL-0003,PUBLIC,PUBLIC_PLATFORM,GET,/solutions,src/activeclinic/http/activeClinicPublicRoutes.js,,views/activeclinic/public/solutions.ejs,layouts/public-shell.ejs,DESKTOP|MOBILE,PRIMARY_SCREEN,DEFAULT,false,,false,,REACHABLE,GET /solutions; header Solutions,partials/public-platform-header.ejs,public/activeclinic/ac-public.js,FUNCTIONAL,
ACV7-IMPL-0004,PUBLIC,DIRECTORY,GET,/clinics,src/activeclinic/http/activeClinicPublicRoutes.js,,views/activeclinic/public/clinics-directory.ejs,layouts/public-shell.ejs,DESKTOP|MOBILE,PRIMARY_SCREEN,POPULATED,false,,false,,REACHABLE,GET /clinics; directoryState ready with clinics,partials/public-directory-filters.ejs|partials/public-directory-state.ejs|partials/ac-media.ejs,public/activeclinic/ac-public.js,FULLY_DATA_DRIVEN,directoryState=ready when clinics present
ACV7-IMPL-0005,PUBLIC,DIRECTORY,GET,/clinics,src/activeclinic/http/activeClinicPublicRoutes.js,,views/activeclinic/public/clinics-directory.ejs,layouts/public-shell.ejs,DESKTOP|MOBILE,EMPTY_STATE,EMPTY,false,,false,,CONDITIONALLY_REACHABLE,Same route; empty clinic list via public-directory-state,partials/public-directory-state.ejs,public/activeclinic/ac-public.js,FULLY_DATA_DRIVEN,Empty directory when no publishable clinics
ACV7-IMPL-0006,PUBLIC,DIRECTORY,GET,/clinics,src/activeclinic/http/activeClinicPublicRoutes.js,,views/activeclinic/public/clinics-directory.ejs,layouts/public-shell.ejs,DESKTOP|MOBILE,LOADING_STATE,LOADING,false,,false,,CONDITIONALLY_REACHABLE,directoryState=loading via ?_directoryLoading=1 in NODE_ENV=test,partials/public-directory-state.ejs|partials/ac-loading-state.ejs,,FUNCTIONAL,Test-hook loading state; production may not expose query hook
ACV7-IMPL-0007,PUBLIC,DIRECTORY,GET,/clinics,src/activeclinic/http/activeClinicPublicRoutes.js,,views/activeclinic/public/clinics-directory.ejs,layouts/public-shell.ejs,DESKTOP|MOBILE,ERROR_STATE,ERROR,false,,false,,CONDITIONALLY_REACHABLE,directoryState=error on load failure or ?_directoryError=1 in test,partials/public-directory-state.ejs,,FUNCTIONAL,
ACV7-IMPL-0008,PUBLIC,DIRECTORY,GET,/clinics/search,src/activeclinic/http/activeClinicPublicRoutes.js,,views/activeclinic/public/clinics-search.ejs,layouts/public-shell.ejs,DESKTOP|MOBILE,PRIMARY_SCREEN,DEFAULT,false,,false,,REACHABLE,GET /clinics/search,partials/public-directory-filters.ejs|partials/public-directory-state.ejs,public/activeclinic/ac-public.js,FULLY_DATA_DRIVEN,Search results surface; supports empty/error via directoryState
ACV7-IMPL-0009,PUBLIC,CLINIC_REGISTRATION,GET,/register-clinic,src/activeclinic/http/activeClinicPublicRoutes.js,,views/activeclinic/public/register-clinic.ejs,layouts/public-shell.ejs,DESKTOP|MOBILE,PRIMARY_SCREEN,DEFAULT,false,,false,,REACHABLE,GET /register-clinic; header CTA,partials/phone-field.ejs,public/activeclinic/ac-public.js|public/activeclinic/ac-phone-field.js,FUNCTIONAL,Registration form
ACV7-IMPL-0010,PUBLIC,CLINIC_REGISTRATION,POST,/register-clinic,src/activeclinic/http/activeClinicPublicRoutes.js,,views/activeclinic/public/register-clinic.ejs,layouts/public-shell.ejs,DESKTOP|MOBILE,STATE_VARIANT,VALIDATION_ERROR,false,,false,,CONDITIONALLY_REACHABLE,POST validation re-renders form with errors,partials/phone-field.ejs,public/activeclinic/ac-phone-field.js,FUNCTIONAL,
ACV7-IMPL-0011,PUBLIC,CLINIC_REGISTRATION,POST,/register-clinic,src/activeclinic/http/activeClinicPublicRoutes.js,,views/activeclinic/public/register-clinic-review.ejs,layouts/public-shell.ejs,DESKTOP|MOBILE,PRIMARY_SCREEN,DEFAULT,false,,false,,CONDITIONALLY_REACHABLE,POST valid input renders review step,,public/activeclinic/ac-public.js,FUNCTIONAL,Review before submit
ACV7-IMPL-0012,PUBLIC,CLINIC_REGISTRATION,GET,/register-clinic/success,src/activeclinic/http/activeClinicPublicRoutes.js,,views/activeclinic/public/register-clinic-success.ejs,layouts/public-shell.ejs,DESKTOP|MOBILE,SUCCESS_STATE,SUCCESS,false,,false,,CONDITIONALLY_REACHABLE,Redirect after successful application; ?ref=,partials/ac-success-state.ejs,,FUNCTIONAL,
ACV7-IMPL-0013,PUBLIC,CLINIC_REGISTRATION,POST,/register-clinic,src/activeclinic/http/activeClinicPublicRoutes.js,,views/activeclinic/public/register-clinic-server-error.ejs,layouts/public-shell.ejs,DESKTOP|MOBILE,ERROR_STATE,ERROR,false,,false,,CONDITIONALLY_REACHABLE,Server failure path renders register-clinic-server-error,,,FUNCTIONAL,
ACV7-IMPL-0014,TENANT,JUFLONA,GET,/clinics/:clinicKey,src/activeclinic/http/activeClinicPublicRoutes.js,resolveClinicOrRespond,views/activeclinic/tenant/home.ejs,layouts/public-shell.ejs,DESKTOP|MOBILE,PRIMARY_SCREEN,DEFAULT,false,,false,,CONDITIONALLY_REACHABLE,Requires publishable clinicKey; tenant header/nav,partials/public-tenant-header.ejs|partials/ac-mobile-bottom-nav.ejs,public/activeclinic/ac-public.js,FULLY_DATA_DRIVEN,Tenant clinic home
ACV7-IMPL-0015,TENANT,JUFLONA,GET,/clinics/:clinicKey/about,src/activeclinic/http/activeClinicPublicRoutes.js,resolveClinicOrRespond,views/activeclinic/tenant/about.ejs,layouts/public-shell.ejs,DESKTOP|MOBILE,PRIMARY_SCREEN,DEFAULT,false,,false,,CONDITIONALLY_REACHABLE,Requires publishable clinicKey; tenant header/nav,partials/public-tenant-header.ejs|partials/ac-mobile-bottom-nav.ejs,public/activeclinic/ac-public.js,FULLY_DATA_DRIVEN,Tenant about
ACV7-IMPL-0016,TENANT,JUFLONA,GET,/clinics/:clinicKey/contact,src/activeclinic/http/activeClinicPublicRoutes.js,resolveClinicOrRespond,views/activeclinic/tenant/contact.ejs,layouts/public-shell.ejs,DESKTOP|MOBILE,PRIMARY_SCREEN,DEFAULT,false,,false,,CONDITIONALLY_REACHABLE,Requires publishable clinicKey; tenant header/nav,partials/public-tenant-header.ejs|partials/ac-mobile-bottom-nav.ejs,public/activeclinic/ac-public.js,FULLY_DATA_DRIVEN,Tenant contact form
ACV7-IMPL-0017,TENANT,JUFLONA,GET,/clinics/:clinicKey/contact/success,src/activeclinic/http/activeClinicPublicRoutes.js,resolveClinicOrRespond,views/activeclinic/tenant/contact-success.ejs,layouts/public-shell.ejs,DESKTOP|MOBILE,SUCCESS_STATE,SUCCESS,false,,false,,CONDITIONALLY_REACHABLE,Requires publishable clinicKey; tenant header/nav,partials/public-tenant-header.ejs|partials/ac-mobile-bottom-nav.ejs,public/activeclinic/ac-public.js,FULLY_DATA_DRIVEN,Contact success
ACV7-IMPL-0018,TENANT,PRICING,GET,/clinics/:clinicKey/pricing,src/activeclinic/http/activeClinicPublicRoutes.js,resolveClinicOrRespond,views/activeclinic/tenant/pricing.ejs,layouts/public-shell.ejs,DESKTOP|MOBILE,PRIMARY_SCREEN,DEFAULT,false,,false,,CONDITIONALLY_REACHABLE,Requires publishable clinicKey; tenant header/nav,partials/public-tenant-header.ejs|partials/ac-mobile-bottom-nav.ejs,public/activeclinic/ac-public.js,FULLY_DATA_DRIVEN,Tenant pricing
ACV7-IMPL-0019,TENANT,JUFLONA,GET,/clinics/:clinicKey/location,src/activeclinic/http/activeClinicPublicRoutes.js,resolveClinicOrRespond,views/activeclinic/tenant/location.ejs,layouts/public-shell.ejs,DESKTOP|MOBILE,PRIMARY_SCREEN,DEFAULT,false,,false,,CONDITIONALLY_REACHABLE,Requires publishable clinicKey; tenant header/nav,partials/public-tenant-header.ejs|partials/ac-mobile-bottom-nav.ejs,public/activeclinic/ac-public.js,FULLY_DATA_DRIVEN,Tenant location
ACV7-IMPL-0020,TENANT,JUFLONA,GET,/clinics/:clinicKey/patient-information,src/activeclinic/http/activeClinicPublicRoutes.js,resolveClinicOrRespond,views/activeclinic/tenant/patient-information.ejs,layouts/public-shell.ejs,DESKTOP|MOBILE,PRIMARY_SCREEN,DEFAULT,false,,false,,CONDITIONALLY_REACHABLE,Requires publishable clinicKey; tenant header/nav,partials/public-tenant-header.ejs|partials/ac-mobile-bottom-nav.ejs,public/activeclinic/ac-public.js,FULLY_DATA_DRIVEN,Patient information
ACV7-IMPL-0021,TENANT,JUFLONA,GET,/clinics/:clinicKey/privacy,src/activeclinic/http/activeClinicPublicRoutes.js,resolveClinicOrRespond,views/activeclinic/tenant/privacy.ejs,layouts/public-shell.ejs,DESKTOP|MOBILE,PRIMARY_SCREEN,DEFAULT,false,,false,,CONDITIONALLY_REACHABLE,Requires publishable clinicKey; tenant header/nav,partials/public-tenant-header.ejs|partials/ac-mobile-bottom-nav.ejs,public/activeclinic/ac-public.js,FULLY_DATA_DRIVEN,Privacy
ACV7-IMPL-0022,TENANT,JUFLONA,GET,/clinics/:clinicKey/terms,src/activeclinic/http/activeClinicPublicRoutes.js,resolveClinicOrRespond,views/activeclinic/tenant/terms.ejs,layouts/public-shell.ejs,DESKTOP|MOBILE,PRIMARY_SCREEN,DEFAULT,false,,false,,CONDITIONALLY_REACHABLE,Requires publishable clinicKey; tenant header/nav,partials/public-tenant-header.ejs|partials/ac-mobile-bottom-nav.ejs,public/activeclinic/ac-public.js,FULLY_DATA_DRIVEN,Terms
ACV7-IMPL-0023,TENANT,SERVICES,GET,/clinics/:clinicKey/services,src/activeclinic/http/activeClinicPublicRoutes.js,resolveClinicOrRespond,views/activeclinic/tenant/services.ejs,layouts/public-shell.ejs,DESKTOP|MOBILE,PRIMARY_SCREEN,DEFAULT,false,,false,,CONDITIONALLY_REACHABLE,Requires publishable clinicKey; tenant header/nav,partials/public-tenant-header.ejs|partials/ac-mobile-bottom-nav.ejs,public/activeclinic/ac-public.js,FULLY_DATA_DRIVEN,Services list
ACV7-IMPL-0024,TENANT,SERVICES,GET,/clinics/:clinicKey/services/:serviceKey,src/activeclinic/http/activeClinicPublicRoutes.js,resolveClinicOrRespond,views/activeclinic/tenant/service-detail.ejs,layouts/public-shell.ejs,DESKTOP|MOBILE,PRIMARY_SCREEN,DEFAULT,false,,false,,CONDITIONALLY_REACHABLE,Requires publishable clinicKey; tenant header/nav,partials/public-tenant-header.ejs|partials/ac-mobile-bottom-nav.ejs,public/activeclinic/ac-public.js,FULLY_DATA_DRIVEN,Service detail
ACV7-IMPL-0025,TENANT,SERVICES,GET,/clinics/:clinicKey/procedures/:procedureKey,src/activeclinic/http/activeClinicPublicRoutes.js,resolveClinicOrRespond,views/activeclinic/tenant/procedure-detail.ejs,layouts/public-shell.ejs,DESKTOP|MOBILE,PRIMARY_SCREEN,DEFAULT,false,,false,,CONDITIONALLY_REACHABLE,Requires publishable clinicKey; tenant header/nav,partials/public-tenant-header.ejs|partials/ac-mobile-bottom-nav.ejs,public/activeclinic/ac-public.js,FULLY_DATA_DRIVEN,Procedure detail
ACV7-IMPL-0026,TENANT,DOCTORS,GET,/clinics/:clinicKey/doctors,src/activeclinic/http/activeClinicPublicRoutes.js,resolveClinicOrRespond,views/activeclinic/tenant/doctors.ejs,layouts/public-shell.ejs,DESKTOP|MOBILE,PRIMARY_SCREEN,DEFAULT,false,,false,,CONDITIONALLY_REACHABLE,Requires publishable clinicKey; tenant header/nav,partials/public-tenant-header.ejs|partials/ac-mobile-bottom-nav.ejs,public/activeclinic/ac-public.js,FULLY_DATA_DRIVEN,Doctors list
ACV7-IMPL-0027,TENANT,DOCTORS,GET,/clinics/:clinicKey/doctors/:staffKey,src/activeclinic/http/activeClinicPublicRoutes.js,resolveClinicOrRespond,views/activeclinic/tenant/doctor-profile.ejs,layouts/public-shell.ejs,DESKTOP|MOBILE,PRIMARY_SCREEN,DEFAULT,false,,false,,CONDITIONALLY_REACHABLE,Requires publishable clinicKey; tenant header/nav,partials/public-tenant-header.ejs|partials/ac-mobile-bottom-nav.ejs,public/activeclinic/ac-public.js,FULLY_DATA_DRIVEN,Doctor profile
ACV7-IMPL-0028,TENANT,JUFLONA,GET,/clinics/:clinicKey/*,src/activeclinic/http/activeClinicPublicRespond.js,sendClinicResolveFailure,views/activeclinic/tenant/clinic-not-found.ejs,layouts/public-shell.ejs,DESKTOP|MOBILE,ERROR_STATE,NOT_FOUND,false,,false,,CONDITIONALLY_REACHABLE,Unknown clinicKey → clinic-not-found 404,,,FUNCTIONAL,Shared tenant not-found
ACV7-IMPL-0029,TENANT,JUFLONA,GET,/clinics/:clinicKey/*,src/activeclinic/http/activeClinicPublicRespond.js,sendClinicResolveFailure,views/activeclinic/tenant/clinic-unavailable.ejs,layouts/public-shell.ejs,DESKTOP|MOBILE,ERROR_STATE,UNAVAILABLE,false,,false,,CONDITIONALLY_REACHABLE,Unpublished/closed clinic → clinic-unavailable 403,,,FUNCTIONAL,Closed/unavailable tenant
ACV7-IMPL-0030,BOOKING,CONSULTATION_BOOKING,GET,/clinics/:clinicKey/book,src/activeclinic/http/activeClinicPublicBookingRoutes.js,,views/activeclinic/booking/consultation-type.ejs,layouts/public-shell.ejs,DESKTOP|MOBILE,PRIMARY_SCREEN,DEFAULT,false,,false,,CONDITIONALLY_REACHABLE,Booking wizard route; draft may redirect earlier,partials/booking-wizard-progress.ejs|partials/booking-summary.ejs,public/activeclinic/ac-public.js,FULLY_DATA_DRIVEN,Consultation type entry
ACV7-IMPL-0031,BOOKING,CONSULTATION_BOOKING,POST,/clinics/:clinicKey/book,src/activeclinic/http/activeClinicPublicBookingRoutes.js,,views/activeclinic/booking/consultation-type.ejs,layouts/public-shell.ejs,DESKTOP|MOBILE,STATE_VARIANT,VALIDATION_ERROR,false,,false,,CONDITIONALLY_REACHABLE,POST 400 re-renders step with errors,partials/booking-wizard-progress.ejs,,FUNCTIONAL,Validation on /book
ACV7-IMPL-0032,BOOKING,CONSULTATION_BOOKING,GET,/clinics/:clinicKey/book/doctor,src/activeclinic/http/activeClinicPublicBookingRoutes.js,,views/activeclinic/booking/consultation-doctor.ejs,layouts/public-shell.ejs,DESKTOP|MOBILE,PRIMARY_SCREEN,DEFAULT,false,,false,,CONDITIONALLY_REACHABLE,Booking wizard route; draft may redirect earlier,partials/booking-wizard-progress.ejs|partials/booking-summary.ejs,public/activeclinic/ac-public.js,FULLY_DATA_DRIVEN,Choose doctor
ACV7-IMPL-0033,BOOKING,CONSULTATION_BOOKING,POST,/clinics/:clinicKey/book/doctor,src/activeclinic/http/activeClinicPublicBookingRoutes.js,,views/activeclinic/booking/consultation-doctor.ejs,layouts/public-shell.ejs,DESKTOP|MOBILE,STATE_VARIANT,VALIDATION_ERROR,false,,false,,CONDITIONALLY_REACHABLE,POST 400 re-renders step with errors,partials/booking-wizard-progress.ejs,,FUNCTIONAL,Validation on /book/doctor
ACV7-IMPL-0034,BOOKING,CONSULTATION_BOOKING,GET,/clinics/:clinicKey/book/slot,src/activeclinic/http/activeClinicPublicBookingRoutes.js,,views/activeclinic/booking/consultation-slot.ejs,layouts/public-shell.ejs,DESKTOP|MOBILE,PRIMARY_SCREEN,DEFAULT,false,,false,,CONDITIONALLY_REACHABLE,Booking wizard route; draft may redirect earlier,partials/booking-wizard-progress.ejs|partials/booking-summary.ejs,public/activeclinic/ac-public.js,FULLY_DATA_DRIVEN,Choose slot
ACV7-IMPL-0035,BOOKING,CONSULTATION_BOOKING,POST,/clinics/:clinicKey/book/slot,src/activeclinic/http/activeClinicPublicBookingRoutes.js,,views/activeclinic/booking/consultation-slot.ejs,layouts/public-shell.ejs,DESKTOP|MOBILE,STATE_VARIANT,VALIDATION_ERROR,false,,false,,CONDITIONALLY_REACHABLE,POST 400 re-renders step with errors,partials/booking-wizard-progress.ejs,,FUNCTIONAL,Validation on /book/slot
ACV7-IMPL-0036,BOOKING,CONSULTATION_BOOKING,GET,/clinics/:clinicKey/book/patient,src/activeclinic/http/activeClinicPublicBookingRoutes.js,,views/activeclinic/booking/consultation-patient.ejs,layouts/public-shell.ejs,DESKTOP|MOBILE,PRIMARY_SCREEN,DEFAULT,false,,false,,CONDITIONALLY_REACHABLE,Booking wizard route; draft may redirect earlier,partials/booking-wizard-progress.ejs|partials/booking-summary.ejs,public/activeclinic/ac-public.js,FULLY_DATA_DRIVEN,Patient details
ACV7-IMPL-0037,BOOKING,CONSULTATION_BOOKING,POST,/clinics/:clinicKey/book/patient,src/activeclinic/http/activeClinicPublicBookingRoutes.js,,views/activeclinic/booking/consultation-patient.ejs,layouts/public-shell.ejs,DESKTOP|MOBILE,STATE_VARIANT,VALIDATION_ERROR,false,,false,,CONDITIONALLY_REACHABLE,POST 400 re-renders step with errors,partials/booking-wizard-progress.ejs,,FUNCTIONAL,Validation on /book/patient
ACV7-IMPL-0038,BOOKING,CONSULTATION_BOOKING,GET,/clinics/:clinicKey/book/review,src/activeclinic/http/activeClinicPublicBookingRoutes.js,,views/activeclinic/booking/consultation-review.ejs,layouts/public-shell.ejs,DESKTOP|MOBILE,PRIMARY_SCREEN,DEFAULT,false,,false,,CONDITIONALLY_REACHABLE,Booking wizard route; draft may redirect earlier,partials/booking-wizard-progress.ejs|partials/booking-summary.ejs,public/activeclinic/ac-public.js,FULLY_DATA_DRIVEN,Review
ACV7-IMPL-0039,BOOKING,CONSULTATION_BOOKING,POST,/clinics/:clinicKey/book/submit,src/activeclinic/http/activeClinicPublicBookingRoutes.js,,views/activeclinic/booking/consultation-review.ejs,layouts/public-shell.ejs,DESKTOP|MOBILE,STATE_VARIANT,VALIDATION_ERROR,false,,false,,CONDITIONALLY_REACHABLE,POST 400 re-renders step with errors,partials/booking-wizard-progress.ejs,,FUNCTIONAL,Validation on /book/review
ACV7-IMPL-0040,BOOKING,CONSULTATION_BOOKING,POST,/clinics/:clinicKey/book,src/activeclinic/http/activeClinicPublicBookingRoutes.js,,views/activeclinic/booking/appointment-entry.ejs,layouts/public-shell.ejs,DESKTOP|MOBILE,PRIMARY_SCREEN,DEFAULT,false,,false,,CONDITIONALLY_REACHABLE,Alternate appointment-entry path in booking POST,,,FUNCTIONAL,Appointment entry variant
ACV7-IMPL-0041,BOOKING,CONSULTATION_BOOKING,POST,/clinics/:clinicKey/book/submit,src/activeclinic/http/activeClinicPublicBookingRoutes.js,,views/activeclinic/booking/request-submitted.ejs,layouts/public-shell.ejs,DESKTOP|MOBILE,SUCCESS_STATE,SUCCESS,false,,false,,CONDITIONALLY_REACHABLE,Successful consultation submit,partials/sms-honesty-note.ejs,,FULLY_DATA_DRIVEN,
ACV7-IMPL-0042,BOOKING,PROCEDURE_BOOKING,GET,/clinics/:clinicKey/book/procedures,src/activeclinic/http/activeClinicPublicBookingRoutes.js,,views/activeclinic/booking/procedures-list.ejs,layouts/public-shell.ejs,DESKTOP|MOBILE,PRIMARY_SCREEN,DEFAULT,false,,false,,CONDITIONALLY_REACHABLE,GET procedures list,,public/activeclinic/ac-public.js,FULLY_DATA_DRIVEN,
ACV7-IMPL-0043,BOOKING,PROCEDURE_BOOKING,GET,/clinics/:clinicKey/book/procedures/:procedureKey,src/activeclinic/http/activeClinicPublicBookingRoutes.js,,views/activeclinic/booking/procedure-entry.ejs,layouts/public-shell.ejs,DESKTOP|MOBILE,PRIMARY_SCREEN,DEFAULT,false,,false,,CONDITIONALLY_REACHABLE,GET procedure entry when available,partials/phone-field.ejs|partials/sms-honesty-note.ejs,public/activeclinic/ac-phone-field.js,FULLY_DATA_DRIVEN,
ACV7-IMPL-0044,BOOKING,PROCEDURE_BOOKING,GET,/clinics/:clinicKey/book/procedures/:procedureKey,src/activeclinic/http/activeClinicPublicBookingRoutes.js,,views/activeclinic/booking/procedure-unavailable.ejs,layouts/public-shell.ejs,DESKTOP|MOBILE,ERROR_STATE,UNAVAILABLE,false,,false,,CONDITIONALLY_REACHABLE,404 procedure-unavailable when not bookable,,,FUNCTIONAL,
ACV7-IMPL-0045,BOOKING,PROCEDURE_BOOKING,POST,/clinics/:clinicKey/book/procedures/:procedureKey,src/activeclinic/http/activeClinicPublicBookingRoutes.js,,views/activeclinic/booking/procedure-entry.ejs,layouts/public-shell.ejs,DESKTOP|MOBILE,STATE_VARIANT,VALIDATION_ERROR,false,,false,,CONDITIONALLY_REACHABLE,POST 400 re-render,partials/phone-field.ejs,,FUNCTIONAL,
ACV7-IMPL-0046,BOOKING,PROCEDURE_BOOKING,POST,/clinics/:clinicKey/book/procedures/:procedureKey,src/activeclinic/http/activeClinicPublicBookingRoutes.js,,views/activeclinic/booking/request-submitted.ejs,layouts/public-shell.ejs,DESKTOP|MOBILE,SUCCESS_STATE,SUCCESS,false,,false,,CONDITIONALLY_REACHABLE,Successful procedure submit,partials/sms-honesty-note.ejs,,FULLY_DATA_DRIVEN,
ACV7-IMPL-0047,MY_BOOKING,MY_BOOKING,GET,/clinics/:clinicKey/my-booking,src/activeclinic/http/activeClinicPublicBookingRoutes.js,,views/activeclinic/booking/my-booking-lookup.ejs,layouts/public-shell.ejs,DESKTOP|MOBILE,PRIMARY_SCREEN,DEFAULT,false,,false,,REACHABLE,GET without token shows lookup,,public/activeclinic/ac-public.js,FUNCTIONAL,Lookup form
ACV7-IMPL-0048,MY_BOOKING,MY_BOOKING,GET,/clinics/:clinicKey/my-booking,src/activeclinic/http/activeClinicPublicBookingRoutes.js,,views/activeclinic/booking/my-booking-lookup.ejs,layouts/public-shell.ejs,DESKTOP|MOBILE,ERROR_STATE,NOT_FOUND,false,,false,,CONDITIONALLY_REACHABLE,Invalid/expired token re-shows lookup with error,,,FUNCTIONAL,No-match / expired token
ACV7-IMPL-0049,MY_BOOKING,MY_BOOKING,GET,/clinics/:clinicKey/my-booking,src/activeclinic/http/activeClinicPublicBookingRoutes.js,,views/activeclinic/booking/my-booking-detail.ejs,layouts/public-shell.ejs,DESKTOP|MOBILE,PRIMARY_SCREEN,POPULATED,false,,false,,CONDITIONALLY_REACHABLE,Valid ?token= shows detail; status from booking row,partials/sms-honesty-note.ejs,,FULLY_DATA_DRIVEN,Detail reflects pending/confirmed/cancelled/rescheduled via booking status
ACV7-IMPL-0050,MY_BOOKING,MY_BOOKING,GET,/clinics/:clinicKey/my-booking/cancel,src/activeclinic/http/activeClinicPublicBookingRoutes.js,,views/activeclinic/booking/cancellation-review.ejs,layouts/public-shell.ejs,DESKTOP|MOBILE,CONFIRMATION_STATE,DEFAULT,false,,false,,CONDITIONALLY_REACHABLE,Token-gated my-booking change flow,partials/sms-honesty-note.ejs,,FULLY_DATA_DRIVEN,Cancel review
ACV7-IMPL-0051,MY_BOOKING,MY_BOOKING,POST,/clinics/:clinicKey/my-booking/cancel,src/activeclinic/http/activeClinicPublicBookingRoutes.js,,views/activeclinic/booking/cancellation-submitted.ejs,layouts/public-shell.ejs,DESKTOP|MOBILE,SUCCESS_STATE,CANCELLED,false,,false,,CONDITIONALLY_REACHABLE,Token-gated my-booking change flow,partials/sms-honesty-note.ejs,,FULLY_DATA_DRIVEN,Cancel submitted (POST success)
ACV7-IMPL-0052,MY_BOOKING,MY_BOOKING,GET,/clinics/:clinicKey/my-booking/reschedule,src/activeclinic/http/activeClinicPublicBookingRoutes.js,,views/activeclinic/booking/reschedule-review.ejs,layouts/public-shell.ejs,DESKTOP|MOBILE,CONFIRMATION_STATE,DEFAULT,false,,false,,CONDITIONALLY_REACHABLE,Token-gated my-booking change flow,partials/sms-honesty-note.ejs,,FULLY_DATA_DRIVEN,Reschedule review
ACV7-IMPL-0053,MY_BOOKING,MY_BOOKING,POST,/clinics/:clinicKey/my-booking/reschedule,src/activeclinic/http/activeClinicPublicBookingRoutes.js,,views/activeclinic/booking/reschedule-submitted.ejs,layouts/public-shell.ejs,DESKTOP|MOBILE,SUCCESS_STATE,RESCHEDULED,false,,false,,CONDITIONALLY_REACHABLE,Token-gated my-booking change flow,partials/sms-honesty-note.ejs,,FULLY_DATA_DRIVEN,Reschedule submitted
ACV7-IMPL-0054,PATIENT_PORTAL,PATIENT_AUTH,GET,/clinics/:clinicKey/patient/login,src/activeclinic/http/activeClinicPatientPortalRoutes.js,,views/activeclinic/patient/login.ejs,layouts/patient-shell.ejs,DESKTOP|MOBILE,PRIMARY_SCREEN,DEFAULT,false,,false,,REACHABLE,GET /patient/login,partials/patient-header.ejs|partials/phone-field.ejs,public/activeclinic/ac-patient.js|public/activeclinic/ac-phone-field.js,FUNCTIONAL,
ACV7-IMPL-0055,PATIENT_PORTAL,PATIENT_AUTH,GET,/clinics/:clinicKey/patient/register,src/activeclinic/http/activeClinicPatientPortalRoutes.js,,views/activeclinic/patient/register.ejs,layouts/patient-shell.ejs,DESKTOP|MOBILE,PRIMARY_SCREEN,DEFAULT,false,,false,,REACHABLE,GET /patient/register,partials/patient-header.ejs|partials/phone-field.ejs,public/activeclinic/ac-patient.js|public/activeclinic/ac-phone-field.js,FUNCTIONAL,
ACV7-IMPL-0056,PATIENT_PORTAL,PATIENT_AUTH,GET,/clinics/:clinicKey/patient/forgot-password,src/activeclinic/http/activeClinicPatientPortalRoutes.js,,views/activeclinic/patient/forgot-password.ejs,layouts/patient-shell.ejs,DESKTOP|MOBILE,PRIMARY_SCREEN,DEFAULT,false,,false,,REACHABLE,GET /patient/forgot-password,partials/patient-header.ejs|partials/phone-field.ejs,public/activeclinic/ac-patient.js|public/activeclinic/ac-phone-field.js,FUNCTIONAL,
ACV7-IMPL-0057,PATIENT_PORTAL,PATIENT_AUTH,GET,/clinics/:clinicKey/patient/reset-password,src/activeclinic/http/activeClinicPatientPortalRoutes.js,,views/activeclinic/patient/reset-password.ejs,layouts/patient-shell.ejs,DESKTOP|MOBILE,PRIMARY_SCREEN,DEFAULT,false,,false,,REACHABLE,GET /patient/reset-password,partials/patient-header.ejs|partials/phone-field.ejs,public/activeclinic/ac-patient.js|public/activeclinic/ac-phone-field.js,FUNCTIONAL,
ACV7-IMPL-0058,PATIENT_PORTAL,PATIENT_AUTH,GET,/clinics/:clinicKey/patient/recovery-verification,src/activeclinic/http/activeClinicPatientPortalRoutes.js,,views/activeclinic/patient/recovery-verification.ejs,layouts/patient-shell.ejs,DESKTOP|MOBILE,PRIMARY_SCREEN,DEFAULT,false,,false,,REACHABLE,GET /patient/recovery-verification,partials/patient-header.ejs|partials/phone-field.ejs,public/activeclinic/ac-patient.js|public/activeclinic/ac-phone-field.js,FUNCTIONAL,
ACV7-IMPL-0059,PATIENT_PORTAL,PATIENT_AUTH,GET,/clinics/:clinicKey/patient/password-updated,src/activeclinic/http/activeClinicPatientPortalRoutes.js,,views/activeclinic/patient/password-updated.ejs,layouts/patient-shell.ejs,DESKTOP|MOBILE,SUCCESS_STATE,SUCCESS,false,,false,,REACHABLE,GET /patient/password-updated,partials/patient-header.ejs|partials/phone-field.ejs,public/activeclinic/ac-patient.js|public/activeclinic/ac-phone-field.js,FUNCTIONAL,
ACV7-IMPL-0060,PATIENT_PORTAL,PATIENT_AUTH,GET,/clinics/:clinicKey/patient/verify-phone,src/activeclinic/http/activeClinicPatientPortalRoutes.js,,views/activeclinic/patient/verify-phone.ejs,layouts/patient-shell.ejs,DESKTOP|MOBILE,PRIMARY_SCREEN,DEFAULT,false,,false,,REACHABLE,GET /patient/verify-phone,partials/patient-header.ejs|partials/phone-field.ejs,public/activeclinic/ac-patient.js|public/activeclinic/ac-phone-field.js,FUNCTIONAL,
ACV7-IMPL-0061,PATIENT_PORTAL,PATIENT_AUTH,GET,/clinics/:clinicKey/patient/verification-success,src/activeclinic/http/activeClinicPatientPortalRoutes.js,,views/activeclinic/patient/verification-success.ejs,layouts/patient-shell.ejs,DESKTOP|MOBILE,SUCCESS_STATE,SUCCESS,false,,false,,REACHABLE,GET /patient/verification-success,partials/patient-header.ejs|partials/phone-field.ejs,public/activeclinic/ac-patient.js|public/activeclinic/ac-phone-field.js,FUNCTIONAL,
ACV7-IMPL-0062,PATIENT_PORTAL,PATIENT_AUTH,POST,/clinics/:clinicKey/patient/login,src/activeclinic/http/activeClinicPatientPortalRoutes.js,,views/activeclinic/patient/login.ejs,layouts/patient-shell.ejs,DESKTOP|MOBILE,STATE_VARIANT,VALIDATION_ERROR,false,,false,,CONDITIONALLY_REACHABLE,Failed login re-renders with error,,,FUNCTIONAL,
ACV7-IMPL-0063,PATIENT_PORTAL,PATIENT_AUTH,POST,/clinics/:clinicKey/patient/register,src/activeclinic/http/activeClinicPatientPortalRoutes.js,,views/activeclinic/patient/register.ejs,layouts/patient-shell.ejs,DESKTOP|MOBILE,STATE_VARIANT,VALIDATION_ERROR,false,,false,,CONDITIONALLY_REACHABLE,Failed register re-renders,,,FUNCTIONAL,
ACV7-IMPL-0064,PATIENT_PORTAL,PATIENT_PORTAL,GET,/clinics/:clinicKey/patient,src/activeclinic/http/activeClinicPatientPortalRoutes.js,,views/activeclinic/patient/dashboard.ejs,layouts/patient-shell.ejs,DESKTOP|MOBILE,PRIMARY_SCREEN,POPULATED,true,,false,,CONDITIONALLY_REACHABLE,requirePatientAuth; bookings.length > 0,partials/patient-nav.ejs,public/activeclinic/ac-patient.js,FULLY_DATA_DRIVEN,
ACV7-IMPL-0065,PATIENT_PORTAL,PATIENT_PORTAL,GET,/clinics/:clinicKey/patient,src/activeclinic/http/activeClinicPatientPortalRoutes.js,,views/activeclinic/patient/dashboard-empty.ejs,layouts/patient-shell.ejs,DESKTOP|MOBILE,EMPTY_STATE,EMPTY,true,,false,,CONDITIONALLY_REACHABLE,bookings.length === 0 selects dashboard-empty,partials/patient-nav.ejs,public/activeclinic/ac-patient.js,FULLY_DATA_DRIVEN,
ACV7-IMPL-0066,PATIENT_PORTAL,PATIENT_PORTAL,GET,/clinics/:clinicKey/patient/bookings,src/activeclinic/http/activeClinicPatientPortalRoutes.js,,views/activeclinic/patient/bookings.ejs,layouts/patient-shell.ejs,DESKTOP|MOBILE,PRIMARY_SCREEN,DEFAULT,true,,false,,CONDITIONALLY_REACHABLE,Patient session required,partials/patient-nav.ejs,public/activeclinic/ac-patient.js,FULLY_DATA_DRIVEN,
ACV7-IMPL-0067,PATIENT_PORTAL,PATIENT_PORTAL,GET,/clinics/:clinicKey/patient/bookings/:reference,src/activeclinic/http/activeClinicPatientPortalRoutes.js,,views/activeclinic/patient/booking-detail.ejs,layouts/patient-shell.ejs,DESKTOP|MOBILE,PRIMARY_SCREEN,DEFAULT,true,,false,,CONDITIONALLY_REACHABLE,Patient session required,partials/patient-nav.ejs,public/activeclinic/ac-patient.js,FULLY_DATA_DRIVEN,
ACV7-IMPL-0068,PATIENT_PORTAL,PATIENT_PORTAL,GET,/clinics/:clinicKey/patient/profile,src/activeclinic/http/activeClinicPatientPortalRoutes.js,,views/activeclinic/patient/profile.ejs,layouts/patient-shell.ejs,DESKTOP|MOBILE,PRIMARY_SCREEN,DEFAULT,true,,false,,CONDITIONALLY_REACHABLE,Patient session required,partials/patient-nav.ejs,public/activeclinic/ac-patient.js,FULLY_DATA_DRIVEN,
ACV7-IMPL-0069,PATIENT_PORTAL,PATIENT_PORTAL,GET,/clinics/:clinicKey/patient/security,src/activeclinic/http/activeClinicPatientPortalRoutes.js,,views/activeclinic/patient/security.ejs,layouts/patient-shell.ejs,DESKTOP|MOBILE,PRIMARY_SCREEN,DEFAULT,true,,false,,CONDITIONALLY_REACHABLE,Patient session required,partials/patient-nav.ejs,public/activeclinic/ac-patient.js,FULLY_DATA_DRIVEN,
ACV7-IMPL-0070,PATIENT_PORTAL,PATIENT_PORTAL,GET,/clinics/:clinicKey/patient/data-boundaries,src/activeclinic/http/activeClinicPatientPortalRoutes.js,,views/activeclinic/patient/data-boundaries.ejs,layouts/patient-shell.ejs,DESKTOP|MOBILE,PRIMARY_SCREEN,DEFAULT,true,,false,,CONDITIONALLY_REACHABLE,Patient session required,partials/patient-nav.ejs,public/activeclinic/ac-patient.js,FULLY_DATA_DRIVEN,
ACV7-IMPL-0071,PATIENT_PORTAL,PATIENT_PORTAL,GET,/clinics/:clinicKey/patient/notifications,src/activeclinic/http/activeClinicPatientPortalRoutes.js,,views/activeclinic/patient/notifications.ejs,layouts/patient-shell.ejs,DESKTOP|MOBILE,PRIMARY_SCREEN,DEFAULT,true,,false,,CONDITIONALLY_REACHABLE,Patient session required,partials/patient-nav.ejs,public/activeclinic/ac-patient.js,FULLY_DATA_DRIVEN,
ACV7-IMPL-0072,PATIENT_PORTAL,PATIENT_PORTAL,GET,/clinics/:clinicKey/patient/link-guest-booking,src/activeclinic/http/activeClinicPatientPortalRoutes.js,,views/activeclinic/patient/link-guest-booking.ejs,layouts/patient-shell.ejs,DESKTOP|MOBILE,PRIMARY_SCREEN,DEFAULT,true,,false,,CONDITIONALLY_REACHABLE,Patient session required,partials/patient-nav.ejs,public/activeclinic/ac-patient.js,FULLY_DATA_DRIVEN,
ACV7-IMPL-0073,PATIENT_PORTAL,PATIENT_PORTAL,GET,/clinics/:clinicKey/patient/offline,src/activeclinic/http/activeClinicPatientPortalRoutes.js,,views/activeclinic/patient/offline.ejs,layouts/patient-shell.ejs,DESKTOP|MOBILE,ERROR_STATE,OTHER,false,,false,,REACHABLE,Public offline page,partials/patient-nav.ejs,public/activeclinic/ac-patient.js,FULLY_DATA_DRIVEN,
ACV7-IMPL-0074,PATIENT_PORTAL,PATIENT_PORTAL,GET,/clinics/:clinicKey/patient/bookings/:reference,src/activeclinic/http/activeClinicPatientPortalRoutes.js,,views/activeclinic/patient/not-found.ejs,layouts/patient-shell.ejs,DESKTOP|MOBILE,ERROR_STATE,NOT_FOUND,true,,false,,CONDITIONALLY_REACHABLE,Missing booking reference,,,FUNCTIONAL,Also used for clinic resolve failure in patient shell
ACV7-IMPL-0075,AUTH,APP_SHELL,GET,/login,src/activeclinic/http/activeClinicAuthRoutes.js,renderLoginPage,views/activeclinic/auth/login.ejs,layouts/auth-shell.ejs,DESKTOP|MOBILE,PRIMARY_SCREEN,DEFAULT,false,,false,,REACHABLE,GET /login,partials/auth-brand-panel.ejs|partials/auth-mark.ejs|partials/phone-field.ejs|partials/auth-password-field.ejs,public/activeclinic/ac-auth.js|public/activeclinic/ac-phone-field.js,FUNCTIONAL,Supports ?activated=1 ?reset=1 ?expired=1 notices
ACV7-IMPL-0076,AUTH,APP_SHELL,POST,/login,src/activeclinic/http/activeClinicAuthRoutes.js,renderLoginPage,views/activeclinic/auth/login.ejs,layouts/auth-shell.ejs,DESKTOP|MOBILE,STATE_VARIANT,VALIDATION_ERROR,false,,false,,CONDITIONALLY_REACHABLE,Failed login re-render,,,FUNCTIONAL,
ACV7-IMPL-0077,AUTH,APP_SHELL,GET,/login/select-organization,src/activeclinic/http/activeClinicAuthRoutes.js,renderOrgSelectPage,views/activeclinic/auth/select-organization.ejs,layouts/auth-shell.ejs,DESKTOP|MOBILE,PRIMARY_SCREEN,DEFAULT,false,,false,,CONDITIONALLY_REACHABLE,Multi-org staff after login,partials/auth-mark.ejs,public/activeclinic/ac-auth.js,FULLY_DATA_DRIVEN,
ACV7-IMPL-0078,AUTH,SETTINGS,GET,/account/change-password,src/activeclinic/http/activeClinicAuthRoutes.js,renderChangePasswordPage,views/activeclinic/auth/change-password.ejs,layouts/auth-shell.ejs,DESKTOP|MOBILE,PRIMARY_SCREEN,DEFAULT,true,,false,,CONDITIONALLY_REACHABLE,Authenticated staff; sidebar link,partials/auth-password-field.ejs,public/activeclinic/ac-auth.js,FUNCTIONAL,
ACV7-IMPL-0079,AUTH,APP_SHELL,GET,/activate/:token,src/activeclinic/http/activeClinicLifecycleRoutes.js,,views/activeclinic/auth/activate.ejs,layouts/auth-shell.ejs,DESKTOP|MOBILE,PRIMARY_SCREEN,DEFAULT,false,,false,,CONDITIONALLY_REACHABLE,Invite token link,partials/auth-password-field.ejs,public/activeclinic/ac-auth.js,FUNCTIONAL,
ACV7-IMPL-0080,AUTH,APP_SHELL,GET,/forgot-password,src/activeclinic/http/activeClinicLifecycleRoutes.js,,views/activeclinic/auth/forgot-password.ejs,layouts/auth-shell.ejs,DESKTOP|MOBILE,PRIMARY_SCREEN,DEFAULT,false,,false,,REACHABLE,GET /forgot-password,partials/phone-field.ejs,public/activeclinic/ac-auth.js,FUNCTIONAL,
ACV7-IMPL-0081,AUTH,APP_SHELL,GET,/reset-password/:token,src/activeclinic/http/activeClinicLifecycleRoutes.js,,views/activeclinic/auth/reset-password.ejs,layouts/auth-shell.ejs,DESKTOP|MOBILE,PRIMARY_SCREEN,DEFAULT,false,,false,,CONDITIONALLY_REACHABLE,Reset token link,partials/auth-password-field.ejs,public/activeclinic/ac-auth.js,FUNCTIONAL,
ACV7-IMPL-0082,AUTH,APP_SHELL,GET,/activate/:token|/reset-password/:token,src/activeclinic/http/activeClinicLifecycleRoutes.js,renderLifecycleStatePage,views/activeclinic/auth/lifecycle-state.ejs,layouts/auth-shell.ejs,DESKTOP|MOBILE,ERROR_STATE,ERROR,false,,false,,CONDITIONALLY_REACHABLE,Invalid/expired token renders lifecycle-state,,,FUNCTIONAL,Invalid/expired activation or reset
ACV7-IMPL-0083,AUTHENTICATED_APP,APP_SHELL,GET,/app/offline,src/activeclinic/http/activeClinicAppRoutes.js,renderAccessStatePage,views/activeclinic/app/access-state.ejs,,DESKTOP|MOBILE,ERROR_STATE,OTHER,false,,false,,REACHABLE,GET /app/offline → STATE.OFFLINE 503,,,FUNCTIONAL,Offline access-state
ACV7-IMPL-0084,AUTHENTICATED_APP,APP_SHELL,GET,(access-state),src/activeclinic/http/renderActiveClinicAccessState.js,renderAccessStatePage,views/activeclinic/app/access-state.ejs,,DESKTOP|MOBILE,ERROR_STATE,DISABLED,true,,false,,CONDITIONALLY_REACHABLE,Triggered by RBAC/department/session/error middleware,,,FUNCTIONAL,ACCESS_RESTRICTED via middleware/error handler
ACV7-IMPL-0085,AUTHENTICATED_APP,APP_SHELL,GET,(access-state),src/activeclinic/http/renderActiveClinicAccessState.js,renderAccessStatePage,views/activeclinic/app/access-state.ejs,,DESKTOP|MOBILE,ERROR_STATE,NOT_FOUND,true,,false,,CONDITIONALLY_REACHABLE,Triggered by RBAC/department/session/error middleware,,,FUNCTIONAL,NOT_FOUND access-state
ACV7-IMPL-0086,AUTHENTICATED_APP,APP_SHELL,GET,(access-state),src/activeclinic/http/renderActiveClinicAccessState.js,renderAccessStatePage,views/activeclinic/app/access-state.ejs,,DESKTOP|MOBILE,ERROR_STATE,OTHER,true,,false,,CONDITIONALLY_REACHABLE,Triggered by RBAC/department/session/error middleware,,,FUNCTIONAL,CONTEXT_UNAVAILABLE / DEPARTMENT_NOT_CONFIGURED / SESSION_EXPIRED / SERVICE_UNAVAILABLE / REQUEST_ERROR
ACV7-IMPL-0087,AUTHENTICATED_APP,DASHBOARD,GET,/app,src/activeclinic/http/activeClinicAppRoutes.js,,views/activeclinic/app/home-content.ejs,layouts/app-shell.ejs,DESKTOP|MOBILE,PRIMARY_SCREEN,POPULATED,true,activeclinic.access,true,,CONDITIONALLY_REACHABLE,Nav Dashboard; requireAuth+permission,partials/sidebar.ejs|partials/ac-inline-state.ejs,public/activeclinic/ac-shell-nav.js,FULLY_DATA_DRIVEN,mode ready when dashboard has data
ACV7-IMPL-0088,AUTHENTICATED_APP,DASHBOARD,GET,/app,src/activeclinic/http/activeClinicAppRoutes.js,,views/activeclinic/app/home-content.ejs,layouts/app-shell.ejs,DESKTOP|MOBILE,EMPTY_STATE,EMPTY,true,activeclinic.access,true,,CONDITIONALLY_REACHABLE,loadActiveClinicDashboardHome mode=empty,partials/ac-inline-state.ejs,,FULLY_DATA_DRIVEN,
ACV7-IMPL-0089,AUTHENTICATED_APP,APP_SHELL,GET,/app/select-facility,src/activeclinic/http/activeClinicAppRoutes.js,,views/activeclinic/app/select-facility-content.ejs,layouts/app-shell.ejs,DESKTOP|MOBILE,PRIMARY_SCREEN,DEFAULT,true,,false,,CONDITIONALLY_REACHABLE,Sidebar switch facility,partials/sidebar.ejs,public/activeclinic/ac-shell-nav.js,FULLY_DATA_DRIVEN,
ACV7-IMPL-0090,AUTHENTICATED_APP,APP_SHELL,GET,/app/select-organization,src/activeclinic/http/activeClinicAppRoutes.js,,views/activeclinic/app/select-organization-content.ejs,layouts/app-shell.ejs,DESKTOP|MOBILE,PRIMARY_SCREEN,DEFAULT,true,,false,,CONDITIONALLY_REACHABLE,Sidebar switch organization,,,FULLY_DATA_DRIVEN,
ACV7-IMPL-0091,AUTHENTICATED_APP,PATIENTS,GET,/app/patients,src/activeclinic/http/activeClinicPatientRoutes.js,,views/activeclinic/app/patients-list-content.ejs,layouts/app-shell.ejs,DESKTOP|MOBILE,PRIMARY_SCREEN,DEFAULT,true,activeclinic.patient.search,true,,CONDITIONALLY_REACHABLE,Registered /app route + permission/department gates,partials/sidebar.ejs|partials/ac-inline-state.ejs,public/activeclinic/ac-shell-nav.js,FULLY_DATA_DRIVEN,List; emptyMode none/filtered/query_too_short
ACV7-IMPL-0092,AUTHENTICATED_APP,PATIENTS,GET,/app/patients,src/activeclinic/http/activeClinicPatientRoutes.js,,views/activeclinic/app/patients-list-content.ejs,layouts/app-shell.ejs,DESKTOP|MOBILE,EMPTY_STATE,EMPTY,true,activeclinic.patient.search,true,,CONDITIONALLY_REACHABLE,Registered /app route + permission/department gates,partials/sidebar.ejs|partials/ac-inline-state.ejs,public/activeclinic/ac-shell-nav.js,FULLY_DATA_DRIVEN,emptyMode rendered via ac-inline-state
ACV7-IMPL-0093,AUTHENTICATED_APP,PATIENTS,GET,/app/patients/new,src/activeclinic/http/activeClinicPatientRoutes.js,,views/activeclinic/app/patient-form-content.ejs,layouts/app-shell.ejs,DESKTOP|MOBILE,PRIMARY_SCREEN,DEFAULT,true,activeclinic.patient.create,true,,CONDITIONALLY_REACHABLE,Registered /app route + permission/department gates,partials/sidebar.ejs|partials/ac-inline-state.ejs,public/activeclinic/ac-shell-nav.js,FULLY_DATA_DRIVEN,
ACV7-IMPL-0094,AUTHENTICATED_APP,PATIENTS,GET,/app/patients/quick-register,src/activeclinic/http/activeClinicPatientRoutes.js,,views/activeclinic/app/patient-form-content.ejs,layouts/app-shell.ejs,DESKTOP|MOBILE,PRIMARY_SCREEN,DEFAULT,true,activeclinic.patient.create|activeclinic.patient.quick_register,true,,CONDITIONALLY_REACHABLE,Registered /app route + permission/department gates,partials/sidebar.ejs|partials/ac-inline-state.ejs,public/activeclinic/ac-shell-nav.js,FULLY_DATA_DRIVEN,Quick register form
ACV7-IMPL-0095,AUTHENTICATED_APP,PATIENTS,POST,/app/patients,src/activeclinic/http/activeClinicPatientRoutes.js,,views/activeclinic/app/patient-success-content.ejs,layouts/app-shell.ejs,DESKTOP|MOBILE,SUCCESS_STATE,SUCCESS,true,activeclinic.patient.create,true,,CONDITIONALLY_REACHABLE,Registered /app route + permission/department gates,partials/sidebar.ejs|partials/ac-inline-state.ejs,public/activeclinic/ac-shell-nav.js,FULLY_DATA_DRIVEN,Registration success
ACV7-IMPL-0096,AUTHENTICATED_APP,PATIENTS,GET,/app/patients/:patientNumber,src/activeclinic/http/activeClinicPatientRoutes.js,,views/activeclinic/app/patient-profile-content.ejs,layouts/app-shell.ejs,DESKTOP|MOBILE,PRIMARY_SCREEN,DEFAULT,true,activeclinic.patient.view,true,,CONDITIONALLY_REACHABLE,Registered /app route + permission/department gates,partials/sidebar.ejs|partials/ac-inline-state.ejs,public/activeclinic/ac-shell-nav.js,FULLY_DATA_DRIVEN,
ACV7-IMPL-0097,AUTHENTICATED_APP,PATIENTS,GET,/app/patients/:patientNumber/edit,src/activeclinic/http/activeClinicPatientRoutes.js,,views/activeclinic/app/patient-form-content.ejs,layouts/app-shell.ejs,DESKTOP|MOBILE,PRIMARY_SCREEN,DEFAULT,true,activeclinic.patient.update,true,,CONDITIONALLY_REACHABLE,Registered /app route + permission/department gates,partials/sidebar.ejs|partials/ac-inline-state.ejs,public/activeclinic/ac-shell-nav.js,FULLY_DATA_DRIVEN,
ACV7-IMPL-0098,AUTHENTICATED_APP,APPOINTMENTS,GET,/app/appointments,src/activeclinic/http/activeClinicAppointmentRoutes.js,,views/activeclinic/app/appointments-list-content.ejs,layouts/app-shell.ejs,DESKTOP|MOBILE,PRIMARY_SCREEN,DEFAULT,true,activeclinic.appointment.view,true,appointments,CONDITIONALLY_REACHABLE,Registered /app route + permission/department gates,partials/sidebar.ejs|partials/ac-inline-state.ejs,public/activeclinic/ac-shell-nav.js,FULLY_DATA_DRIVEN,
ACV7-IMPL-0099,AUTHENTICATED_APP,APPOINTMENTS,GET,/app/appointments,src/activeclinic/http/activeClinicAppointmentRoutes.js,,views/activeclinic/app/appointments-list-content.ejs,layouts/app-shell.ejs,DESKTOP|MOBILE,EMPTY_STATE,EMPTY,true,activeclinic.appointment.view,true,appointments,CONDITIONALLY_REACHABLE,Registered /app route + permission/department gates,partials/sidebar.ejs|partials/ac-inline-state.ejs,public/activeclinic/ac-shell-nav.js,FULLY_DATA_DRIVEN,
ACV7-IMPL-0100,AUTHENTICATED_APP,APPOINTMENTS,GET,/app/appointments/calendar,src/activeclinic/http/activeClinicAppointmentRoutes.js,,views/activeclinic/app/appointments-calendar-content.ejs,layouts/app-shell.ejs,DESKTOP|MOBILE,PRIMARY_SCREEN,DEFAULT,true,activeclinic.appointment.view,true,appointments,CONDITIONALLY_REACHABLE,Registered /app route + permission/department gates,partials/sidebar.ejs|partials/ac-inline-state.ejs,public/activeclinic/ac-shell-nav.js,FULLY_DATA_DRIVEN,
ACV7-IMPL-0101,AUTHENTICATED_APP,APPOINTMENTS,GET,/app/appointments/new,src/activeclinic/http/activeClinicAppointmentRoutes.js,,views/activeclinic/app/appointment-form-content.ejs,layouts/app-shell.ejs,DESKTOP|MOBILE,PRIMARY_SCREEN,DEFAULT,true,activeclinic.appointment.create,true,appointments,CONDITIONALLY_REACHABLE,Registered /app route + permission/department gates,partials/sidebar.ejs|partials/ac-inline-state.ejs,public/activeclinic/ac-shell-nav.js,FULLY_DATA_DRIVEN,
ACV7-IMPL-0102,AUTHENTICATED_APP,APPOINTMENTS,GET,/app/appointments/:appointmentId,src/activeclinic/http/activeClinicAppointmentRoutes.js,,views/activeclinic/app/appointment-detail-content.ejs,layouts/app-shell.ejs,DESKTOP|MOBILE,PRIMARY_SCREEN,DEFAULT,true,activeclinic.appointment.view,true,appointments,CONDITIONALLY_REACHABLE,Registered /app route + permission/department gates,partials/sidebar.ejs|partials/ac-inline-state.ejs,public/activeclinic/ac-shell-nav.js,FULLY_DATA_DRIVEN,Flash booked/updated
ACV7-IMPL-0103,AUTHENTICATED_APP,APPOINTMENTS,GET,/app/appointments/:appointmentId/edit,src/activeclinic/http/activeClinicAppointmentRoutes.js,,views/activeclinic/app/appointment-form-content.ejs,layouts/app-shell.ejs,DESKTOP|MOBILE,PRIMARY_SCREEN,DEFAULT,true,activeclinic.appointment.update,true,appointments,CONDITIONALLY_REACHABLE,Registered /app route + permission/department gates,partials/sidebar.ejs|partials/ac-inline-state.ejs,public/activeclinic/ac-shell-nav.js,FULLY_DATA_DRIVEN,
ACV7-IMPL-0104,AUTHENTICATED_APP,RECEPTION,GET,/app/reception,src/activeclinic/http/activeClinicReceptionRoutes.js,,views/activeclinic/app/reception-queue-content.ejs,layouts/app-shell.ejs,DESKTOP|MOBILE,PRIMARY_SCREEN,DEFAULT,true,activeclinic.reception.view,true,reception,CONDITIONALLY_REACHABLE,Registered /app route + permission/department gates,partials/sidebar.ejs|partials/ac-inline-state.ejs,public/activeclinic/ac-shell-nav.js,FULLY_DATA_DRIVEN,?stale=1 warning
ACV7-IMPL-0105,AUTHENTICATED_APP,RECEPTION,GET,/app/reception/call-board,src/activeclinic/http/activeClinicReceptionRoutes.js,,views/activeclinic/app/reception-call-board-content.ejs,layouts/app-shell.ejs,DESKTOP|MOBILE,PRIMARY_SCREEN,DEFAULT,true,activeclinic.reception.view,true,reception,CONDITIONALLY_REACHABLE,Registered /app route + permission/department gates,partials/sidebar.ejs|partials/ac-inline-state.ejs,public/activeclinic/ac-shell-nav.js,FULLY_DATA_DRIVEN,
ACV7-IMPL-0106,AUTHENTICATED_APP,RECEPTION,GET,/app/reception/check-in,src/activeclinic/http/activeClinicReceptionRoutes.js,,views/activeclinic/app/reception-check-in-content.ejs,layouts/app-shell.ejs,DESKTOP|MOBILE,PRIMARY_SCREEN,DEFAULT,true,activeclinic.reception.check_in,true,reception,CONDITIONALLY_REACHABLE,Registered /app route + permission/department gates,partials/sidebar.ejs|partials/ac-inline-state.ejs,public/activeclinic/ac-shell-nav.js,FULLY_DATA_DRIVEN,
ACV7-IMPL-0107,AUTHENTICATED_APP,RECEPTION,GET,/app/reception/walk-in,src/activeclinic/http/activeClinicReceptionRoutes.js,,views/activeclinic/app/reception-walk-in-content.ejs,layouts/app-shell.ejs,DESKTOP|MOBILE,PRIMARY_SCREEN,DEFAULT,true,activeclinic.reception.check_in,true,reception,CONDITIONALLY_REACHABLE,Registered /app route + permission/department gates,partials/sidebar.ejs|partials/ac-inline-state.ejs,public/activeclinic/ac-shell-nav.js,FULLY_DATA_DRIVEN,
ACV7-IMPL-0108,AUTHENTICATED_APP,RECEPTION,GET,/app/reception/queue/:entryId,src/activeclinic/http/activeClinicReceptionRoutes.js,,views/activeclinic/app/reception-queue-detail-content.ejs,layouts/app-shell.ejs,DESKTOP|MOBILE,PRIMARY_SCREEN,DEFAULT,true,activeclinic.reception.view,true,reception,CONDITIONALLY_REACHABLE,Registered /app route + permission/department gates,partials/sidebar.ejs|partials/ac-inline-state.ejs,public/activeclinic/ac-shell-nav.js,FULLY_DATA_DRIVEN,
ACV7-IMPL-0109,AUTHENTICATED_APP,OTHER,GET,/app/booking-requests,src/activeclinic/http/activeClinicBookingLinkageRoutes.js,,views/activeclinic/app/booking-requests-content.ejs,layouts/app-shell.ejs,DESKTOP|MOBILE,PRIMARY_SCREEN,DEFAULT,true,activeclinic.patient.search,true,,CONDITIONALLY_REACHABLE,Registered /app route + permission/department gates,partials/sidebar.ejs|partials/ac-inline-state.ejs,public/activeclinic/ac-shell-nav.js,FULLY_DATA_DRIVEN,Staff booking request inbox (public bookings linked here); Staff public-booking request inbox (not patient My Booking)
ACV7-IMPL-0110,AUTHENTICATED_APP,OTHER,GET,/app/booking-requests/:bookingId,src/activeclinic/http/activeClinicBookingLinkageRoutes.js,,views/activeclinic/app/booking-request-detail-content.ejs,layouts/app-shell.ejs,DESKTOP|MOBILE,PRIMARY_SCREEN,DEFAULT,true,activeclinic.patient.search,true,,CONDITIONALLY_REACHABLE,Registered /app route + permission/department gates,partials/sidebar.ejs|partials/ac-inline-state.ejs,public/activeclinic/ac-shell-nav.js,FULLY_DATA_DRIVEN,Staff public-booking request inbox (not patient My Booking)
ACV7-IMPL-0111,AUTHENTICATED_APP,CLINICAL,GET,/app/clinical,src/activeclinic/http/activeClinicClinicalRoutes.js,,views/activeclinic/app/clinical-queue-content.ejs,layouts/app-shell.ejs,DESKTOP|MOBILE,PRIMARY_SCREEN,DEFAULT,true,activeclinic.encounter.view,true,clinical,CONDITIONALLY_REACHABLE,Registered /app route + permission/department gates,partials/sidebar.ejs|partials/ac-inline-state.ejs,public/activeclinic/ac-shell-nav.js,FULLY_DATA_DRIVEN,
ACV7-IMPL-0112,AUTHENTICATED_APP,CLINICAL,GET,/app/clinical/start-encounter,src/activeclinic/http/activeClinicClinicalRoutes.js,,views/activeclinic/app/clinical-start-encounter-content.ejs,layouts/app-shell.ejs,DESKTOP|MOBILE,PRIMARY_SCREEN,DEFAULT,true,activeclinic.encounter.create,true,clinical,CONDITIONALLY_REACHABLE,Registered /app route + permission/department gates,partials/sidebar.ejs|partials/ac-inline-state.ejs,public/activeclinic/ac-shell-nav.js,FULLY_DATA_DRIVEN,
ACV7-IMPL-0113,AUTHENTICATED_APP,CLINICAL,GET,/app/clinical/encounter/:encounterId,src/activeclinic/http/activeClinicClinicalRoutes.js,,views/activeclinic/app/consultation-workspace-content.ejs,layouts/app-shell.ejs,DESKTOP|MOBILE,PRIMARY_SCREEN,DEFAULT,true,activeclinic.encounter.view,true,clinical,CONDITIONALLY_REACHABLE,Registered /app route + permission/department gates,partials/sidebar.ejs|partials/ac-inline-state.ejs,public/activeclinic/ac-shell-nav.js,FULLY_DATA_DRIVEN,
ACV7-IMPL-0114,AUTHENTICATED_APP,CLINICAL,GET,/app/clinical/encounter/:encounterId/triage,src/activeclinic/http/activeClinicClinicalRoutes.js,,views/activeclinic/app/triage-assessment-content.ejs,layouts/app-shell.ejs,DESKTOP|MOBILE,PRIMARY_SCREEN,DEFAULT,true,activeclinic.triage.manage,true,clinical,CONDITIONALLY_REACHABLE,Registered /app route + permission/department gates,partials/sidebar.ejs|partials/ac-inline-state.ejs,public/activeclinic/ac-shell-nav.js,FULLY_DATA_DRIVEN,
ACV7-IMPL-0115,AUTHENTICATED_APP,CLINICAL,GET,/app/clinical/encounter/:encounterId/vitals,src/activeclinic/http/activeClinicClinicalRoutes.js,,views/activeclinic/app/vital-signs-entry-content.ejs,layouts/app-shell.ejs,DESKTOP|MOBILE,PRIMARY_SCREEN,DEFAULT,true,activeclinic.nursing.manage,true,clinical,CONDITIONALLY_REACHABLE,Registered /app route + permission/department gates,partials/sidebar.ejs|partials/ac-inline-state.ejs,public/activeclinic/ac-shell-nav.js,FULLY_DATA_DRIVEN,
ACV7-IMPL-0116,AUTHENTICATED_APP,CLINICAL,GET,/app/clinical/encounter/:encounterId/nursing-intake,src/activeclinic/http/activeClinicClinicalRoutes.js,,views/activeclinic/app/nursing-intake-content.ejs,layouts/app-shell.ejs,DESKTOP|MOBILE,PRIMARY_SCREEN,DEFAULT,true,activeclinic.nursing.manage,true,clinical,CONDITIONALLY_REACHABLE,Registered /app route + permission/department gates,partials/sidebar.ejs|partials/ac-inline-state.ejs,public/activeclinic/ac-shell-nav.js,FULLY_DATA_DRIVEN,
ACV7-IMPL-0117,AUTHENTICATED_APP,CLINICAL,GET,/app/clinical/encounter/:encounterId/diagnosis,src/activeclinic/http/activeClinicClinicalRoutes.js,,views/activeclinic/app/diagnosis-entry-content.ejs,layouts/app-shell.ejs,DESKTOP|MOBILE,PRIMARY_SCREEN,DEFAULT,true,activeclinic.diagnosis.manage,true,clinical,CONDITIONALLY_REACHABLE,Registered /app route + permission/department gates,partials/sidebar.ejs|partials/ac-inline-state.ejs,public/activeclinic/ac-shell-nav.js,FULLY_DATA_DRIVEN,
ACV7-IMPL-0118,AUTHENTICATED_APP,CLINICAL,GET,/app/clinical/encounter/:encounterId/order/lab,src/activeclinic/http/activeClinicClinicalRoutes.js,,views/activeclinic/app/create-laboratory-request-content.ejs,layouts/app-shell.ejs,DESKTOP|MOBILE,PRIMARY_SCREEN,DEFAULT,true,activeclinic.order.create,true,clinical,CONDITIONALLY_REACHABLE,Registered /app route + permission/department gates,partials/sidebar.ejs|partials/ac-inline-state.ejs,public/activeclinic/ac-shell-nav.js,FULLY_DATA_DRIVEN,
ACV7-IMPL-0119,AUTHENTICATED_APP,CLINICAL,GET,/app/clinical/encounter/:encounterId/order/prescription,src/activeclinic/http/activeClinicClinicalRoutes.js,,views/activeclinic/app/create-prescription-content.ejs,layouts/app-shell.ejs,DESKTOP|MOBILE,PRIMARY_SCREEN,DEFAULT,true,activeclinic.order.create,true,clinical,CONDITIONALLY_REACHABLE,Registered /app route + permission/department gates,partials/sidebar.ejs|partials/ac-inline-state.ejs,public/activeclinic/ac-shell-nav.js,FULLY_DATA_DRIVEN,
ACV7-IMPL-0120,AUTHENTICATED_APP,CLINICAL,GET,/app/clinical/encounter/:encounterId/order/radiology,src/activeclinic/http/activeClinicClinicalRoutes.js,,views/activeclinic/app/create-radiology-request-content.ejs,layouts/app-shell.ejs,DESKTOP|MOBILE,PRIMARY_SCREEN,DEFAULT,true,activeclinic.order.create,true,clinical,CONDITIONALLY_REACHABLE,Registered /app route + permission/department gates,partials/sidebar.ejs|partials/ac-inline-state.ejs,public/activeclinic/ac-shell-nav.js,FULLY_DATA_DRIVEN,
ACV7-IMPL-0121,AUTHENTICATED_APP,CLINICAL,GET,/app/clinical/alerts,src/activeclinic/http/activeClinicClinicalRoutes.js,,views/activeclinic/app/clinical-escalation-alert-content.ejs,layouts/app-shell.ejs,DESKTOP|MOBILE,PRIMARY_SCREEN,DEFAULT,true,activeclinic.alert.view,true,clinical,CONDITIONALLY_REACHABLE,Registered /app route + permission/department gates,partials/sidebar.ejs|partials/ac-inline-state.ejs,public/activeclinic/ac-shell-nav.js,FULLY_DATA_DRIVEN,
ACV7-IMPL-0122,AUTHENTICATED_APP,PHARMACY,GET,/app/pharmacy,src/activeclinic/http/activeClinicPharmacyRoutes.js,,views/activeclinic/app/pharmacy-dashboard-content.ejs,layouts/app-shell.ejs,DESKTOP|MOBILE,PRIMARY_SCREEN,DEFAULT,true,activeclinic.pharmacy.view,true,pharmacy,CONDITIONALLY_REACHABLE,Registered /app route + permission/department gates,partials/sidebar.ejs|partials/ac-inline-state.ejs,public/activeclinic/ac-shell-nav.js,FULLY_DATA_DRIVEN,
ACV7-IMPL-0123,AUTHENTICATED_APP,PHARMACY,GET,/app/pharmacy/catalogue,src/activeclinic/http/activeClinicPharmacyRoutes.js,,views/activeclinic/app/pharmacy-catalogue-content.ejs,layouts/app-shell.ejs,DESKTOP|MOBILE,PRIMARY_SCREEN,DEFAULT,true,activeclinic.pharmacy.view,true,pharmacy,CONDITIONALLY_REACHABLE,Registered /app route + permission/department gates,partials/sidebar.ejs|partials/ac-inline-state.ejs,public/activeclinic/ac-shell-nav.js,FULLY_DATA_DRIVEN,
ACV7-IMPL-0124,AUTHENTICATED_APP,PHARMACY,GET,/app/pharmacy/catalogue/:id,src/activeclinic/http/activeClinicPharmacyRoutes.js,,views/activeclinic/app/pharmacy-medicine-detail-content.ejs,layouts/app-shell.ejs,DESKTOP|MOBILE,PRIMARY_SCREEN,DEFAULT,true,activeclinic.pharmacy.view,true,pharmacy,CONDITIONALLY_REACHABLE,Registered /app route + permission/department gates,partials/sidebar.ejs|partials/ac-inline-state.ejs,public/activeclinic/ac-shell-nav.js,FULLY_DATA_DRIVEN,
ACV7-IMPL-0125,AUTHENTICATED_APP,PHARMACY,GET,/app/pharmacy/catalogue/new,src/activeclinic/http/activeClinicPharmacyRoutes.js,,views/activeclinic/app/pharmacy-add-medicine-content.ejs,layouts/app-shell.ejs,DESKTOP|MOBILE,PRIMARY_SCREEN,DEFAULT,true,activeclinic.pharmacy.manage,true,pharmacy,CONDITIONALLY_REACHABLE,Registered /app route + permission/department gates,partials/sidebar.ejs|partials/ac-inline-state.ejs,public/activeclinic/ac-shell-nav.js,FULLY_DATA_DRIVEN,
ACV7-IMPL-0126,AUTHENTICATED_APP,PHARMACY,GET,/app/pharmacy/inventory,src/activeclinic/http/activeClinicPharmacyRoutes.js,,views/activeclinic/app/pharmacy-inventory-content.ejs,layouts/app-shell.ejs,DESKTOP|MOBILE,PRIMARY_SCREEN,DEFAULT,true,activeclinic.inventory.view,true,pharmacy,CONDITIONALLY_REACHABLE,Registered /app route + permission/department gates,partials/sidebar.ejs|partials/ac-inline-state.ejs,public/activeclinic/ac-shell-nav.js,FULLY_DATA_DRIVEN,
ACV7-IMPL-0127,AUTHENTICATED_APP,PHARMACY,GET,/app/pharmacy/alerts/low-stock,src/activeclinic/http/activeClinicPharmacyRoutes.js,,views/activeclinic/app/pharmacy-low-stock-content.ejs,layouts/app-shell.ejs,DESKTOP|MOBILE,PRIMARY_SCREEN,DEFAULT,true,activeclinic.inventory.view,true,pharmacy,CONDITIONALLY_REACHABLE,Registered /app route + permission/department gates,partials/sidebar.ejs|partials/ac-inline-state.ejs,public/activeclinic/ac-shell-nav.js,FULLY_DATA_DRIVEN,
ACV7-IMPL-0128,AUTHENTICATED_APP,PHARMACY,GET,/app/pharmacy/alerts/expiry,src/activeclinic/http/activeClinicPharmacyRoutes.js,,views/activeclinic/app/pharmacy-expiry-alerts-content.ejs,layouts/app-shell.ejs,DESKTOP|MOBILE,PRIMARY_SCREEN,DEFAULT,true,activeclinic.inventory.view,true,pharmacy,CONDITIONALLY_REACHABLE,Registered /app route + permission/department gates,partials/sidebar.ejs|partials/ac-inline-state.ejs,public/activeclinic/ac-shell-nav.js,FULLY_DATA_DRIVEN,
ACV7-IMPL-0129,AUTHENTICATED_APP,PHARMACY,GET,/app/pharmacy/queue,src/activeclinic/http/activeClinicPharmacyRoutes.js,,views/activeclinic/app/pharmacy-prescription-queue-content.ejs,layouts/app-shell.ejs,DESKTOP|MOBILE,PRIMARY_SCREEN,DEFAULT,true,activeclinic.pharmacy.view,true,pharmacy,CONDITIONALLY_REACHABLE,Registered /app route + permission/department gates,partials/sidebar.ejs|partials/ac-inline-state.ejs,public/activeclinic/ac-shell-nav.js,FULLY_DATA_DRIVEN,
ACV7-IMPL-0130,AUTHENTICATED_APP,PHARMACY,GET,/app/pharmacy/prescriptions/:id,src/activeclinic/http/activeClinicPharmacyRoutes.js,,views/activeclinic/app/pharmacy-prescription-detail-content.ejs,layouts/app-shell.ejs,DESKTOP|MOBILE,PRIMARY_SCREEN,DEFAULT,true,activeclinic.pharmacy.view,true,pharmacy,CONDITIONALLY_REACHABLE,Registered /app route + permission/department gates,partials/sidebar.ejs|partials/ac-inline-state.ejs,public/activeclinic/ac-shell-nav.js,FULLY_DATA_DRIVEN,
ACV7-IMPL-0131,AUTHENTICATED_APP,PHARMACY,GET,/app/pharmacy/prescriptions/:id/dispense,src/activeclinic/http/activeClinicPharmacyRoutes.js,,views/activeclinic/app/pharmacy-dispense-content.ejs,layouts/app-shell.ejs,DESKTOP|MOBILE,PRIMARY_SCREEN,DEFAULT,true,activeclinic.pharmacy.dispense,true,pharmacy,CONDITIONALLY_REACHABLE,Registered /app route + permission/department gates,partials/sidebar.ejs|partials/ac-inline-state.ejs,public/activeclinic/ac-shell-nav.js,FULLY_DATA_DRIVEN,
ACV7-IMPL-0132,AUTHENTICATED_APP,PHARMACY,GET,/app/pharmacy/inventory/receive,src/activeclinic/http/activeClinicPharmacyRoutes.js,,views/activeclinic/app/pharmacy-receive-stock-content.ejs,layouts/app-shell.ejs,DESKTOP|MOBILE,PRIMARY_SCREEN,DEFAULT,true,activeclinic.inventory.manage,true,pharmacy,CONDITIONALLY_REACHABLE,Registered /app route + permission/department gates,partials/sidebar.ejs|partials/ac-inline-state.ejs,public/activeclinic/ac-shell-nav.js,FULLY_DATA_DRIVEN,
ACV7-IMPL-0133,AUTHENTICATED_APP,DIAGNOSTICS,GET,/app/diagnostics,src/activeclinic/http/activeClinicDiagnosticsRoutes.js,,views/activeclinic/app/diagnostics-hub-content.ejs,layouts/app-shell.ejs,DESKTOP|MOBILE,PRIMARY_SCREEN,DEFAULT,true,activeclinic.lab.view|activeclinic.radiology.view|activeclinic.diagnostics.view,true,diagnostics,CONDITIONALLY_REACHABLE,Registered /app route + permission/department gates,partials/sidebar.ejs|partials/ac-inline-state.ejs,public/activeclinic/ac-shell-nav.js,FULLY_DATA_DRIVEN,
ACV7-IMPL-0134,AUTHENTICATED_APP,LABORATORY,GET,/app/diagnostics/laboratory,src/activeclinic/http/activeClinicDiagnosticsRoutes.js,,views/activeclinic/app/diagnostics-laboratory-dashboard-content.ejs,layouts/app-shell.ejs,DESKTOP|MOBILE,PRIMARY_SCREEN,DEFAULT,true,activeclinic.lab.view,true,laboratory,CONDITIONALLY_REACHABLE,Registered /app route + permission/department gates,partials/sidebar.ejs|partials/ac-inline-state.ejs,public/activeclinic/ac-shell-nav.js,FULLY_DATA_DRIVEN,
ACV7-IMPL-0135,AUTHENTICATED_APP,LABORATORY,GET,/app/diagnostics/laboratory/queue,src/activeclinic/http/activeClinicDiagnosticsRoutes.js,,views/activeclinic/app/diagnostics-laboratory-queue-content.ejs,layouts/app-shell.ejs,DESKTOP|MOBILE,PRIMARY_SCREEN,DEFAULT,true,activeclinic.lab.view,true,laboratory,CONDITIONALLY_REACHABLE,Registered /app route + permission/department gates,partials/sidebar.ejs|partials/ac-inline-state.ejs,public/activeclinic/ac-shell-nav.js,FULLY_DATA_DRIVEN,
ACV7-IMPL-0136,AUTHENTICATED_APP,LABORATORY,GET,/app/diagnostics/laboratory/worklist,src/activeclinic/http/activeClinicDiagnosticsRoutes.js,,views/activeclinic/app/diagnostics-laboratory-worklist-content.ejs,layouts/app-shell.ejs,DESKTOP|MOBILE,PRIMARY_SCREEN,DEFAULT,true,activeclinic.lab.view,true,laboratory,CONDITIONALLY_REACHABLE,Registered /app route + permission/department gates,partials/sidebar.ejs|partials/ac-inline-state.ejs,public/activeclinic/ac-shell-nav.js,FULLY_DATA_DRIVEN,
ACV7-IMPL-0137,AUTHENTICATED_APP,LABORATORY,GET,/app/diagnostics/laboratory/request/:requestId,src/activeclinic/http/activeClinicDiagnosticsRoutes.js,,views/activeclinic/app/diagnostics-laboratory-request-detail-content.ejs,layouts/app-shell.ejs,DESKTOP|MOBILE,PRIMARY_SCREEN,DEFAULT,true,activeclinic.lab.view,true,laboratory,CONDITIONALLY_REACHABLE,Registered /app route + permission/department gates,partials/sidebar.ejs|partials/ac-inline-state.ejs,public/activeclinic/ac-shell-nav.js,FULLY_DATA_DRIVEN,Flash collected/received/rejected
ACV7-IMPL-0138,AUTHENTICATED_APP,LABORATORY,GET,/app/diagnostics/laboratory/request/:requestId/collect,src/activeclinic/http/activeClinicDiagnosticsRoutes.js,,views/activeclinic/app/diagnostics-specimen-collection-content.ejs,layouts/app-shell.ejs,DESKTOP|MOBILE,PRIMARY_SCREEN,DEFAULT,true,activeclinic.lab.manage,true,laboratory,CONDITIONALLY_REACHABLE,Registered /app route + permission/department gates,partials/sidebar.ejs|partials/ac-inline-state.ejs,public/activeclinic/ac-shell-nav.js,FULLY_DATA_DRIVEN,
ACV7-IMPL-0139,AUTHENTICATED_APP,LABORATORY,GET,/app/diagnostics/laboratory/specimen/:specimenId/receive,src/activeclinic/http/activeClinicDiagnosticsRoutes.js,,views/activeclinic/app/diagnostics-specimen-receipt-content.ejs,layouts/app-shell.ejs,DESKTOP|MOBILE,PRIMARY_SCREEN,DEFAULT,true,activeclinic.lab.manage,true,laboratory,CONDITIONALLY_REACHABLE,Registered /app route + permission/department gates,partials/sidebar.ejs|partials/ac-inline-state.ejs,public/activeclinic/ac-shell-nav.js,FULLY_DATA_DRIVEN,
ACV7-IMPL-0140,AUTHENTICATED_APP,LABORATORY,GET,/app/diagnostics/laboratory/specimen/:specimenId/reject,src/activeclinic/http/activeClinicDiagnosticsRoutes.js,,views/activeclinic/app/diagnostics-specimen-rejected-content.ejs,layouts/app-shell.ejs,DESKTOP|MOBILE,PRIMARY_SCREEN,DEFAULT,true,activeclinic.lab.manage,true,laboratory,CONDITIONALLY_REACHABLE,Registered /app route + permission/department gates,partials/sidebar.ejs|partials/ac-inline-state.ejs,public/activeclinic/ac-shell-nav.js,FULLY_DATA_DRIVEN,
ACV7-IMPL-0141,AUTHENTICATED_APP,LABORATORY,GET,/app/diagnostics/laboratory/request/:requestId/result,src/activeclinic/http/activeClinicDiagnosticsRoutes.js,,views/activeclinic/app/diagnostics-enter-laboratory-result-content.ejs,layouts/app-shell.ejs,DESKTOP|MOBILE,PRIMARY_SCREEN,DEFAULT,true,activeclinic.lab.manage,true,laboratory,CONDITIONALLY_REACHABLE,Registered /app route + permission/department gates,partials/sidebar.ejs|partials/ac-inline-state.ejs,public/activeclinic/ac-shell-nav.js,FULLY_DATA_DRIVEN,
ACV7-IMPL-0142,AUTHENTICATED_APP,RADIOLOGY,GET,/app/diagnostics/radiology,src/activeclinic/http/activeClinicDiagnosticsRoutes.js,,views/activeclinic/app/diagnostics-radiology-dashboard-content.ejs,layouts/app-shell.ejs,DESKTOP|MOBILE,PRIMARY_SCREEN,DEFAULT,true,activeclinic.radiology.view,true,radiology,CONDITIONALLY_REACHABLE,Registered /app route + permission/department gates,partials/sidebar.ejs|partials/ac-inline-state.ejs,public/activeclinic/ac-shell-nav.js,FULLY_DATA_DRIVEN,
ACV7-IMPL-0143,AUTHENTICATED_APP,RADIOLOGY,GET,/app/diagnostics/radiology/queue,src/activeclinic/http/activeClinicDiagnosticsRoutes.js,,views/activeclinic/app/diagnostics-radiology-queue-content.ejs,layouts/app-shell.ejs,DESKTOP|MOBILE,PRIMARY_SCREEN,DEFAULT,true,activeclinic.radiology.view,true,radiology,CONDITIONALLY_REACHABLE,Registered /app route + permission/department gates,partials/sidebar.ejs|partials/ac-inline-state.ejs,public/activeclinic/ac-shell-nav.js,FULLY_DATA_DRIVEN,
ACV7-IMPL-0144,AUTHENTICATED_APP,RADIOLOGY,GET,/app/diagnostics/radiology/request/:requestId/report,src/activeclinic/http/activeClinicDiagnosticsRoutes.js,,views/activeclinic/app/diagnostics-enter-radiology-report-content.ejs,layouts/app-shell.ejs,DESKTOP|MOBILE,PRIMARY_SCREEN,DEFAULT,true,activeclinic.radiology.manage,true,radiology,CONDITIONALLY_REACHABLE,Registered /app route + permission/department gates,partials/sidebar.ejs|partials/ac-inline-state.ejs,public/activeclinic/ac-shell-nav.js,FULLY_DATA_DRIVEN,
ACV7-IMPL-0145,AUTHENTICATED_APP,DIAGNOSTICS,GET,/app/diagnostics/critical-alert/:resultId,src/activeclinic/http/activeClinicDiagnosticsRoutes.js,,views/activeclinic/app/diagnostics-critical-result-alert-content.ejs,layouts/app-shell.ejs,DESKTOP|MOBILE,PRIMARY_SCREEN,DEFAULT,true,activeclinic.lab.view|activeclinic.radiology.view,true,diagnostics,CONDITIONALLY_REACHABLE,Registered /app route + permission/department gates,partials/sidebar.ejs|partials/ac-inline-state.ejs,public/activeclinic/ac-shell-nav.js,FULLY_DATA_DRIVEN,
ACV7-IMPL-0146,AUTHENTICATED_APP,BILLING,GET,/app/billing,src/activeclinic/http/activeClinicBillingRoutes.js,,views/activeclinic/app/billing-dashboard-content.ejs,layouts/app-shell.ejs,DESKTOP|MOBILE,PRIMARY_SCREEN,DEFAULT,true,activeclinic.billing.view,true,billing,CONDITIONALLY_REACHABLE,Registered /app route + permission/department gates,partials/sidebar.ejs|partials/ac-inline-state.ejs,public/activeclinic/ac-shell-nav.js,FULLY_DATA_DRIVEN,
ACV7-IMPL-0147,AUTHENTICATED_APP,BILLING,GET,/app/billing/catalog,src/activeclinic/http/activeClinicBillingRoutes.js,,views/activeclinic/app/billing-catalog-content.ejs,layouts/app-shell.ejs,DESKTOP|MOBILE,PRIMARY_SCREEN,DEFAULT,true,activeclinic.billing.view,true,billing,CONDITIONALLY_REACHABLE,Registered /app route + permission/department gates,partials/sidebar.ejs|partials/ac-inline-state.ejs,public/activeclinic/ac-shell-nav.js,FULLY_DATA_DRIVEN,
ACV7-IMPL-0148,AUTHENTICATED_APP,BILLING,GET,/app/billing/catalog/new,src/activeclinic/http/activeClinicBillingRoutes.js,,views/activeclinic/app/billing-catalog-form-content.ejs,layouts/app-shell.ejs,DESKTOP|MOBILE,PRIMARY_SCREEN,DEFAULT,true,activeclinic.billing.manage,true,billing,CONDITIONALLY_REACHABLE,Registered /app route + permission/department gates,partials/sidebar.ejs|partials/ac-inline-state.ejs,public/activeclinic/ac-shell-nav.js,FULLY_DATA_DRIVEN,
ACV7-IMPL-0149,AUTHENTICATED_APP,BILLING,GET,/app/billing/patients/:patientNumber,src/activeclinic/http/activeClinicBillingRoutes.js,,views/activeclinic/app/billing-patient-account-content.ejs,layouts/app-shell.ejs,DESKTOP|MOBILE,PRIMARY_SCREEN,DEFAULT,true,activeclinic.billing.view,true,billing,CONDITIONALLY_REACHABLE,Registered /app route + permission/department gates,partials/sidebar.ejs|partials/ac-inline-state.ejs,public/activeclinic/ac-shell-nav.js,FULLY_DATA_DRIVEN,
ACV7-IMPL-0150,AUTHENTICATED_APP,BILLING,GET,/app/billing/invoices,src/activeclinic/http/activeClinicBillingRoutes.js,,views/activeclinic/app/billing-invoice-list-content.ejs,layouts/app-shell.ejs,DESKTOP|MOBILE,PRIMARY_SCREEN,DEFAULT,true,activeclinic.billing.view,true,billing,CONDITIONALLY_REACHABLE,Registered /app route + permission/department gates,partials/sidebar.ejs|partials/ac-inline-state.ejs,public/activeclinic/ac-shell-nav.js,FULLY_DATA_DRIVEN,
ACV7-IMPL-0151,AUTHENTICATED_APP,BILLING,GET,/app/billing/invoices/new,src/activeclinic/http/activeClinicBillingRoutes.js,,views/activeclinic/app/billing-invoice-create-content.ejs,layouts/app-shell.ejs,DESKTOP|MOBILE,PRIMARY_SCREEN,DEFAULT,true,activeclinic.billing.create,true,billing,CONDITIONALLY_REACHABLE,Registered /app route + permission/department gates,partials/sidebar.ejs|partials/ac-inline-state.ejs,public/activeclinic/ac-shell-nav.js,FULLY_DATA_DRIVEN,
ACV7-IMPL-0152,AUTHENTICATED_APP,BILLING,GET,/app/billing/invoices/:invoiceId,src/activeclinic/http/activeClinicBillingRoutes.js,,views/activeclinic/app/billing-invoice-detail-content.ejs,layouts/app-shell.ejs,DESKTOP|MOBILE,PRIMARY_SCREEN,DEFAULT,true,activeclinic.billing.view,true,billing,CONDITIONALLY_REACHABLE,Registered /app route + permission/department gates,partials/sidebar.ejs|partials/ac-inline-state.ejs,public/activeclinic/ac-shell-nav.js,FULLY_DATA_DRIVEN,
ACV7-IMPL-0153,AUTHENTICATED_APP,BILLING,GET,/app/billing/invoices/:invoiceId/post,src/activeclinic/http/activeClinicBillingRoutes.js,,views/activeclinic/app/billing-invoice-post-content.ejs,layouts/app-shell.ejs,DESKTOP|MOBILE,PRIMARY_SCREEN,DEFAULT,true,activeclinic.billing.manage,true,billing,CONDITIONALLY_REACHABLE,Registered /app route + permission/department gates,partials/sidebar.ejs|partials/ac-inline-state.ejs,public/activeclinic/ac-shell-nav.js,FULLY_DATA_DRIVEN,
ACV7-IMPL-0154,AUTHENTICATED_APP,BILLING,GET,/app/billing/invoices/:invoiceId/void,src/activeclinic/http/activeClinicBillingRoutes.js,,views/activeclinic/app/billing-invoice-void-content.ejs,layouts/app-shell.ejs,DESKTOP|MOBILE,PRIMARY_SCREEN,DEFAULT,true,activeclinic.billing.manage,true,billing,CONDITIONALLY_REACHABLE,Registered /app route + permission/department gates,partials/sidebar.ejs|partials/ac-inline-state.ejs,public/activeclinic/ac-shell-nav.js,FULLY_DATA_DRIVEN,
ACV7-IMPL-0155,AUTHENTICATED_APP,BILLING,GET,/app/billing/invoices/:invoiceId/amend,src/activeclinic/http/activeClinicBillingRoutes.js,,views/activeclinic/app/billing-invoice-amend-content.ejs,layouts/app-shell.ejs,DESKTOP|MOBILE,PRIMARY_SCREEN,DEFAULT,true,activeclinic.billing.manage,true,billing,CONDITIONALLY_REACHABLE,Registered /app route + permission/department gates,partials/sidebar.ejs|partials/ac-inline-state.ejs,public/activeclinic/ac-shell-nav.js,FULLY_DATA_DRIVEN,
ACV7-IMPL-0156,AUTHENTICATED_APP,CASHIER,GET,/app/cashier,src/activeclinic/http/activeClinicCashierRoutes.js,,views/activeclinic/app/cashier-dashboard-content.ejs,layouts/app-shell.ejs,DESKTOP|MOBILE,PRIMARY_SCREEN,DEFAULT,true,activeclinic.cashier.open_session,true,cashier,CONDITIONALLY_REACHABLE,Registered /app route + permission/department gates,partials/sidebar.ejs|partials/ac-inline-state.ejs,public/activeclinic/ac-shell-nav.js,FULLY_DATA_DRIVEN,
ACV7-IMPL-0157,AUTHENTICATED_APP,CASHIER,GET,/app/cashier/open,src/activeclinic/http/activeClinicCashierRoutes.js,,views/activeclinic/app/cashier-open-content.ejs,layouts/app-shell.ejs,DESKTOP|MOBILE,PRIMARY_SCREEN,DEFAULT,true,activeclinic.cashier.open_session,true,cashier,CONDITIONALLY_REACHABLE,Registered /app route + permission/department gates,partials/sidebar.ejs|partials/ac-inline-state.ejs,public/activeclinic/ac-shell-nav.js,FULLY_DATA_DRIVEN,
ACV7-IMPL-0158,AUTHENTICATED_APP,CASHIER,GET,/app/cashier/session,src/activeclinic/http/activeClinicCashierRoutes.js,,views/activeclinic/app/cashier-session-content.ejs,layouts/app-shell.ejs,DESKTOP|MOBILE,PRIMARY_SCREEN,DEFAULT,true,activeclinic.cashier.open_session,true,cashier,CONDITIONALLY_REACHABLE,Registered /app route + permission/department gates,partials/sidebar.ejs|partials/ac-inline-state.ejs,public/activeclinic/ac-shell-nav.js,FULLY_DATA_DRIVEN,
ACV7-IMPL-0159,AUTHENTICATED_APP,CASHIER,GET,/app/cashier/close,src/activeclinic/http/activeClinicCashierRoutes.js,,views/activeclinic/app/cashier-close-content.ejs,layouts/app-shell.ejs,DESKTOP|MOBILE,PRIMARY_SCREEN,DEFAULT,true,activeclinic.cashier.open_session,true,cashier,CONDITIONALLY_REACHABLE,Registered /app route + permission/department gates,partials/sidebar.ejs|partials/ac-inline-state.ejs,public/activeclinic/ac-shell-nav.js,FULLY_DATA_DRIVEN,
ACV7-IMPL-0160,AUTHENTICATED_APP,CASHIER,GET,/app/cashier/payment,src/activeclinic/http/activeClinicCashierRoutes.js,,views/activeclinic/app/cashier-payment-content.ejs,layouts/app-shell.ejs,DESKTOP|MOBILE,PRIMARY_SCREEN,DEFAULT,true,activeclinic.payment.record,true,cashier,CONDITIONALLY_REACHABLE,Registered /app route + permission/department gates,partials/sidebar.ejs|partials/ac-inline-state.ejs,public/activeclinic/ac-shell-nav.js,FULLY_DATA_DRIVEN,
ACV7-IMPL-0161,AUTHENTICATED_APP,CASHIER,GET,/app/cashier/receipt/:receiptNumber,src/activeclinic/http/activeClinicCashierRoutes.js,,views/activeclinic/app/cashier-receipt-content.ejs,layouts/app-shell.ejs,DESKTOP|MOBILE,PRIMARY_SCREEN,DEFAULT,true,activeclinic.payment.view,true,cashier,CONDITIONALLY_REACHABLE,Registered /app route + permission/department gates,partials/sidebar.ejs|partials/ac-inline-state.ejs,public/activeclinic/ac-shell-nav.js,FULLY_DATA_DRIVEN,
ACV7-IMPL-0162,AUTHENTICATED_APP,CASHIER,GET,/app/cashier/history,src/activeclinic/http/activeClinicCashierRoutes.js,,views/activeclinic/app/cashier-history-content.ejs,layouts/app-shell.ejs,DESKTOP|MOBILE,PRIMARY_SCREEN,DEFAULT,true,activeclinic.cashier.open_session,true,cashier,CONDITIONALLY_REACHABLE,Registered /app route + permission/department gates,partials/sidebar.ejs|partials/ac-inline-state.ejs,public/activeclinic/ac-shell-nav.js,FULLY_DATA_DRIVEN,
ACV7-IMPL-0163,AUTHENTICATED_APP,CASHIER,GET,/app/cashier/session/closed,src/activeclinic/http/activeClinicCashierRoutes.js,,views/activeclinic/app/cashier-session-closed-content.ejs,layouts/app-shell.ejs,DESKTOP|MOBILE,PRIMARY_SCREEN,DEFAULT,true,activeclinic.cashier.open_session,true,cashier,CONDITIONALLY_REACHABLE,Registered /app route + permission/department gates,partials/sidebar.ejs|partials/ac-inline-state.ejs,public/activeclinic/ac-shell-nav.js,FULLY_DATA_DRIVEN,
ACV7-IMPL-0164,AUTHENTICATED_APP,STAFF,GET,/app/staff,src/activeclinic/http/activeClinicStaffRoutes.js,,views/activeclinic/app/staff-list-content.ejs,layouts/app-shell.ejs,DESKTOP|MOBILE,PRIMARY_SCREEN,DEFAULT,true,activeclinic.staff.view,true,,CONDITIONALLY_REACHABLE,Registered /app route + permission/department gates,partials/sidebar.ejs|partials/ac-inline-state.ejs,public/activeclinic/ac-shell-nav.js,FULLY_DATA_DRIVEN,
ACV7-IMPL-0165,AUTHENTICATED_APP,STAFF,GET,/app/staff,src/activeclinic/http/activeClinicStaffRoutes.js,,views/activeclinic/app/staff-list-content.ejs,layouts/app-shell.ejs,DESKTOP|MOBILE,EMPTY_STATE,EMPTY,true,activeclinic.staff.view,true,,CONDITIONALLY_REACHABLE,Registered /app route + permission/department gates,partials/sidebar.ejs|partials/ac-inline-state.ejs,public/activeclinic/ac-shell-nav.js,FULLY_DATA_DRIVEN,
ACV7-IMPL-0166,AUTHENTICATED_APP,STAFF,GET,/app/staff/new,src/activeclinic/http/activeClinicStaffRoutes.js,,views/activeclinic/app/staff-form-content.ejs,layouts/app-shell.ejs,DESKTOP|MOBILE,PRIMARY_SCREEN,DEFAULT,true,activeclinic.staff.create,true,,CONDITIONALLY_REACHABLE,Registered /app route + permission/department gates,partials/sidebar.ejs|partials/ac-inline-state.ejs,public/activeclinic/ac-shell-nav.js,FULLY_DATA_DRIVEN,
ACV7-IMPL-0167,AUTHENTICATED_APP,STAFF,GET,/app/staff/:staffId,src/activeclinic/http/activeClinicStaffRoutes.js,,views/activeclinic/app/staff-detail-content.ejs,layouts/app-shell.ejs,DESKTOP|MOBILE,PRIMARY_SCREEN,DEFAULT,true,activeclinic.staff.view,true,,CONDITIONALLY_REACHABLE,Registered /app route + permission/department gates,partials/sidebar.ejs|partials/ac-inline-state.ejs,public/activeclinic/ac-shell-nav.js,FULLY_DATA_DRIVEN,
ACV7-IMPL-0168,AUTHENTICATED_APP,STAFF,GET,/app/staff/:staffId/edit,src/activeclinic/http/activeClinicStaffRoutes.js,,views/activeclinic/app/staff-form-content.ejs,layouts/app-shell.ejs,DESKTOP|MOBILE,PRIMARY_SCREEN,DEFAULT,true,activeclinic.staff.update,true,,CONDITIONALLY_REACHABLE,Registered /app route + permission/department gates,partials/sidebar.ejs|partials/ac-inline-state.ejs,public/activeclinic/ac-shell-nav.js,FULLY_DATA_DRIVEN,
ACV7-IMPL-0169,AUTHENTICATED_APP,STAFF,POST,/app/staff,src/activeclinic/http/activeClinicStaffRoutes.js,,views/activeclinic/app/staff-invite-result-content.ejs,layouts/app-shell.ejs,DESKTOP|MOBILE,SUCCESS_STATE,SUCCESS,true,activeclinic.staff.create,true,,CONDITIONALLY_REACHABLE,Registered /app route + permission/department gates,partials/sidebar.ejs|partials/ac-inline-state.ejs,public/activeclinic/ac-shell-nav.js,FULLY_DATA_DRIVEN,Invite result after create
ACV7-IMPL-0170,AUTHENTICATED_APP,SETTINGS,GET,/app/facilities,src/activeclinic/http/activeClinicFacilityRoutes.js,,views/activeclinic/app/facilities-list-content.ejs,layouts/app-shell.ejs,DESKTOP|MOBILE,PRIMARY_SCREEN,DEFAULT,true,activeclinic.facility.view,true,,CONDITIONALLY_REACHABLE,Registered /app route + permission/department gates,partials/sidebar.ejs|partials/ac-inline-state.ejs,public/activeclinic/ac-shell-nav.js,FULLY_DATA_DRIVEN,
ACV7-IMPL-0171,AUTHENTICATED_APP,SETTINGS,GET,/app/facilities/new,src/activeclinic/http/activeClinicFacilityRoutes.js,,views/activeclinic/app/facility-form-content.ejs,layouts/app-shell.ejs,DESKTOP|MOBILE,PRIMARY_SCREEN,DEFAULT,true,activeclinic.facility.create,true,,CONDITIONALLY_REACHABLE,Registered /app route + permission/department gates,partials/sidebar.ejs|partials/ac-inline-state.ejs,public/activeclinic/ac-shell-nav.js,FULLY_DATA_DRIVEN,
ACV7-IMPL-0172,AUTHENTICATED_APP,SETTINGS,GET,/app/facilities/:facilityKey,src/activeclinic/http/activeClinicFacilityRoutes.js,,views/activeclinic/app/facility-detail-content.ejs,layouts/app-shell.ejs,DESKTOP|MOBILE,PRIMARY_SCREEN,DEFAULT,true,activeclinic.facility.view,true,,CONDITIONALLY_REACHABLE,Registered /app route + permission/department gates,partials/sidebar.ejs|partials/ac-inline-state.ejs,public/activeclinic/ac-shell-nav.js,FULLY_DATA_DRIVEN,
ACV7-IMPL-0173,AUTHENTICATED_APP,SETTINGS,GET,/app/facilities/:facilityKey/edit,src/activeclinic/http/activeClinicFacilityRoutes.js,,views/activeclinic/app/facility-form-content.ejs,layouts/app-shell.ejs,DESKTOP|MOBILE,PRIMARY_SCREEN,DEFAULT,true,activeclinic.facility.update,true,,CONDITIONALLY_REACHABLE,Registered /app route + permission/department gates,partials/sidebar.ejs|partials/ac-inline-state.ejs,public/activeclinic/ac-shell-nav.js,FULLY_DATA_DRIVEN,
ACV7-IMPL-0174,AUTHENTICATED_APP,RBAC,GET,/app/access,src/activeclinic/http/activeClinicAccessRoutes.js,,views/activeclinic/app/access-content.ejs,layouts/app-shell.ejs,DESKTOP|MOBILE,PRIMARY_SCREEN,DEFAULT,true,activeclinic.staff.assign_access,true,,CONDITIONALLY_REACHABLE,Registered /app route + permission/department gates,partials/sidebar.ejs|partials/ac-inline-state.ejs,public/activeclinic/ac-shell-nav.js,FULLY_DATA_DRIVEN,
ACV7-IMPL-0175,AUTHENTICATED_APP,RBAC,GET,/app/access/staff/:staffId,src/activeclinic/http/activeClinicAccessRoutes.js,,views/activeclinic/app/access-staff-content.ejs,layouts/app-shell.ejs,DESKTOP|MOBILE,PRIMARY_SCREEN,DEFAULT,true,activeclinic.staff.assign_access,true,,CONDITIONALLY_REACHABLE,Registered /app route + permission/department gates,partials/sidebar.ejs|partials/ac-inline-state.ejs,public/activeclinic/ac-shell-nav.js,FULLY_DATA_DRIVEN,
ACV7-IMPL-0176,AUTHENTICATED_APP,RBAC,GET,/app/access/staff/:staffId/assign,src/activeclinic/http/activeClinicAccessRoutes.js,,views/activeclinic/app/access-role-form-content.ejs,layouts/app-shell.ejs,DESKTOP|MOBILE,PRIMARY_SCREEN,DEFAULT,true,activeclinic.staff.assign_access,true,,CONDITIONALLY_REACHABLE,Registered /app route + permission/department gates,partials/sidebar.ejs|partials/ac-inline-state.ejs,public/activeclinic/ac-shell-nav.js,FULLY_DATA_DRIVEN,
ACV7-IMPL-0177,AUTHENTICATED_APP,RBAC,GET,/app/access/staff/:staffId/roles/:assignmentId/edit,src/activeclinic/http/activeClinicAccessRoutes.js,,views/activeclinic/app/access-role-form-content.ejs,layouts/app-shell.ejs,DESKTOP|MOBILE,PRIMARY_SCREEN,DEFAULT,true,activeclinic.staff.assign_access,true,,CONDITIONALLY_REACHABLE,Registered /app route + permission/department gates,partials/sidebar.ejs|partials/ac-inline-state.ejs,public/activeclinic/ac-shell-nav.js,FULLY_DATA_DRIVEN,
ACV7-IMPL-0178,AUTHENTICATED_APP,RBAC,GET,/app/access/staff/:staffId/roles/:assignmentId/revoke,src/activeclinic/http/activeClinicAccessRoutes.js,,views/activeclinic/app/access-revoke-content.ejs,layouts/app-shell.ejs,DESKTOP|MOBILE,CONFIRMATION_STATE,DEFAULT,true,activeclinic.staff.assign_access,true,,CONDITIONALLY_REACHABLE,Registered /app route + permission/department gates,partials/sidebar.ejs|partials/ac-inline-state.ejs,public/activeclinic/ac-shell-nav.js,FULLY_DATA_DRIVEN,
ACV7-IMPL-0179,AUTHENTICATED_APP,SETTINGS,GET,/app/settings,src/activeclinic/http/activeClinicSettingsRoutes.js,,views/activeclinic/app/settings-content.ejs,layouts/app-shell.ejs,DESKTOP|MOBILE,PRIMARY_SCREEN,DEFAULT,true,activeclinic.access,true,,CONDITIONALLY_REACHABLE,Registered /app route + permission/department gates,partials/sidebar.ejs|partials/ac-inline-state.ejs,public/activeclinic/ac-shell-nav.js,FULLY_DATA_DRIVEN,
ACV7-IMPL-0180,AUTHENTICATED_APP,SETTINGS,GET,/app/settings/organization,src/activeclinic/http/activeClinicSettingsRoutes.js,,views/activeclinic/app/settings-organization-content.ejs,layouts/app-shell.ejs,DESKTOP|MOBILE,PRIMARY_SCREEN,DEFAULT,true,activeclinic.organization.view,true,,CONDITIONALLY_REACHABLE,Registered /app route + permission/department gates,partials/sidebar.ejs|partials/ac-inline-state.ejs,public/activeclinic/ac-shell-nav.js,FULLY_DATA_DRIVEN,
ACV7-IMPL-0181,AUTHENTICATED_APP,SETTINGS,GET,/app/settings/organization/edit,src/activeclinic/http/activeClinicSettingsRoutes.js,,views/activeclinic/app/settings-organization-form-content.ejs,layouts/app-shell.ejs,DESKTOP|MOBILE,PRIMARY_SCREEN,DEFAULT,true,activeclinic.organization.manage,true,,CONDITIONALLY_REACHABLE,Registered /app route + permission/department gates,partials/sidebar.ejs|partials/ac-inline-state.ejs,public/activeclinic/ac-shell-nav.js,FULLY_DATA_DRIVEN,
ACV7-IMPL-0182,AUTHENTICATED_APP,SETTINGS,GET,/app/settings/facilities,src/activeclinic/http/activeClinicSettingsRoutes.js,,views/activeclinic/app/settings-link-content.ejs,layouts/app-shell.ejs,DESKTOP|MOBILE,PRIMARY_SCREEN,DEFAULT,true,activeclinic.facility.view,true,,CONDITIONALLY_REACHABLE,Registered /app route + permission/department gates,partials/sidebar.ejs|partials/ac-inline-state.ejs,public/activeclinic/ac-shell-nav.js,FULLY_DATA_DRIVEN,Link card to /app/facilities
ACV7-IMPL-0183,AUTHENTICATED_APP,SETTINGS,GET,/app/settings/account,src/activeclinic/http/activeClinicSettingsRoutes.js,,views/activeclinic/app/settings-account-content.ejs,layouts/app-shell.ejs,DESKTOP|MOBILE,PRIMARY_SCREEN,DEFAULT,true,,true,,CONDITIONALLY_REACHABLE,Registered /app route + permission/department gates,partials/sidebar.ejs|partials/ac-inline-state.ejs,public/activeclinic/ac-shell-nav.js,FULLY_DATA_DRIVEN,Account self-service
ACV7-IMPL-0184,AUTHENTICATED_APP,SETTINGS,GET,/app/settings/clinic-setup/regional,src/activeclinic/http/activeClinicSettingsRoutes.js,,views/activeclinic/app/settings-regional-content.ejs,layouts/app-shell.ejs,DESKTOP|MOBILE,PRIMARY_SCREEN,DEFAULT,true,activeclinic.organization.manage,true,,CONDITIONALLY_REACHABLE,Registered /app route + permission/department gates,partials/sidebar.ejs|partials/ac-inline-state.ejs,public/activeclinic/ac-shell-nav.js,FULLY_DATA_DRIVEN,
ACV7-IMPL-0185,AUTHENTICATED_APP,SETTINGS,GET,/app/settings/clinic-setup/departments,src/activeclinic/http/activeClinicSettingsRoutes.js,,views/activeclinic/app/settings-departments-content.ejs,layouts/app-shell.ejs,DESKTOP|MOBILE,PRIMARY_SCREEN,DEFAULT,true,activeclinic.departments.manage,true,,CONDITIONALLY_REACHABLE,Registered /app route + permission/department gates,partials/sidebar.ejs|partials/ac-inline-state.ejs,public/activeclinic/ac-shell-nav.js,FULLY_DATA_DRIVEN,
ACV7-IMPL-0186,AUTHENTICATED_APP,APP_SHELL,GET,/app/*,src/activeclinic/http/renderActiveClinicShell.js,,views/activeclinic/layouts/app-shell.ejs,layouts/app-shell.ejs,MOBILE,DRAWER,DEFAULT,true,activeclinic.access,false,,CONDITIONALLY_REACHABLE,Mobile nav drawer via ac-shell-nav.js in app-shell,partials/sidebar.ejs,public/activeclinic/ac-shell-nav.js,FUNCTIONAL,Materially distinct mobile drawer chrome for authenticated app
ACV7-IMPL-0187,PUBLIC,PUBLIC_PLATFORM,GET,/*,src/activeclinic/http/renderActiveClinicPublic.js,,views/activeclinic/layouts/public-shell.ejs,layouts/public-shell.ejs,MOBILE,DRAWER,DEFAULT,false,,false,,REACHABLE,Public mobile drawer data-ac-nav-drawer + bottom nav,partials/ac-mobile-bottom-nav-platform.ejs|partials/ac-mobile-bottom-nav.ejs,public/activeclinic/ac-public.js,FUNCTIONAL,Public/tenant mobile drawer + bottom nav chrome
ACV7-IMPL-0188,INTERNAL,PATIENTS,GET,/app/patients/:patientNumber/print-card,src/activeclinic/http/activeClinicPatientRoutes.js,loadActiveClinicPatientPrintCardScreen,views/activeclinic/app/patient-print-card-content.ejs,layouts/app-shell.ejs,DESKTOP|MOBILE,PRIMARY_SCREEN,DEFAULT,true,activeclinic.patient.view,false,,REACHABLE,GET print-card; profile Print card action; tests/activeclinic-phase4-patient-print-card.test.js,,public/activeclinic/ac-shell-nav.js,FUNCTIONAL,Stitch 3c113fe684604dfcaeb8f6b2c071a6ca printable identity card
ACV7-IMPL-0189,INTERNAL,PHARMACY,GET,/app/pharmacy/prescriptions/:id/substitute,src/activeclinic/http/activeClinicPharmacyRoutes.js,substitutePrescriptionItem,views/activeclinic/app/pharmacy-substitution-content.ejs,layouts/app-shell.ejs,DESKTOP|MOBILE,PRIMARY_SCREEN,DEFAULT,true,activeclinic.pharmacy.review|activeclinic.pharmacy.dispense,true,pharmacy,REACHABLE,GET/POST substitute; pharmacy ops service; phase4 pharmacy tests,,public/activeclinic/ac-shell-nav.js,FUNCTIONAL,Stitch e237cd030fb241deb15ed8eb0f4f895e
ACV7-IMPL-0190,INTERNAL,PHARMACY,GET,/app/pharmacy/prescriptions/:id/instructions,src/activeclinic/http/activeClinicPharmacyRoutes.js,getPatientMedicineInstructions,views/activeclinic/app/pharmacy-medicine-instructions-content.ejs,layouts/app-shell.ejs,MOBILE|DESKTOP,PRIMARY_SCREEN,DEFAULT,true,activeclinic.pharmacy.dispense|activeclinic.pharmacy.view,true,pharmacy,REACHABLE,GET instructions; real Rx dosage data only,,public/activeclinic/ac-shell-nav.js,FUNCTIONAL,Stitch 7cffba8bdac84abda7a8d31951d1948f mobile instructions
ACV7-IMPL-0191,INTERNAL,PHARMACY,GET,/app/pharmacy/purchase-orders,src/activeclinic/http/activeClinicPharmacyRoutes.js,listPurchaseOrders,views/activeclinic/app/pharmacy-purchase-orders-content.ejs,layouts/app-shell.ejs,DESKTOP|MOBILE,PRIMARY_SCREEN,DEFAULT,true,activeclinic.pharmacy.inventory.view,true,pharmacy,REACHABLE,GET PO list + new/detail/submit; migration 025,,public/activeclinic/ac-shell-nav.js,FUNCTIONAL,Stitch 0f1976955fc14d8c97f1f8c728b4e1da
ACV7-IMPL-0192,INTERNAL,PHARMACY,GET,/app/pharmacy/purchase-orders/new,src/activeclinic/http/activeClinicPharmacyRoutes.js,createPurchaseOrder,views/activeclinic/app/pharmacy-purchase-order-form-content.ejs,layouts/app-shell.ejs,DESKTOP|MOBILE,PRIMARY_SCREEN,DEFAULT,true,activeclinic.pharmacy.inventory.manage,true,pharmacy,REACHABLE,GET/POST new PO,,public/activeclinic/ac-shell-nav.js,FUNCTIONAL,PO create form
ACV7-IMPL-0193,INTERNAL,PHARMACY,GET,/app/pharmacy/purchase-orders/:id,src/activeclinic/http/activeClinicPharmacyRoutes.js,getPurchaseOrder,views/activeclinic/app/pharmacy-purchase-order-detail-content.ejs,layouts/app-shell.ejs,DESKTOP|MOBILE,PRIMARY_SCREEN,DEFAULT,true,activeclinic.pharmacy.inventory.view,true,pharmacy,REACHABLE,GET PO detail + submit,,public/activeclinic/ac-shell-nav.js,FUNCTIONAL,PO detail
ACV7-IMPL-0194,INTERNAL,PHARMACY,GET,/app/pharmacy/inventory/adjust,src/activeclinic/http/activeClinicPharmacyRoutes.js,adjustStock,views/activeclinic/app/pharmacy-stock-adjust-content.ejs,layouts/app-shell.ejs,DESKTOP|MOBILE,PRIMARY_SCREEN,DEFAULT,true,activeclinic.pharmacy.inventory.manage,true,pharmacy,REACHABLE,GET/POST adjust with ledger/audit,,public/activeclinic/ac-shell-nav.js,FUNCTIONAL,Stitch 2147643a82af4fb28a8368dcff867a75
ACV7-IMPL-0195,INTERNAL,PHARMACY,GET,/app/pharmacy/inventory/transfer,src/activeclinic/http/activeClinicPharmacyRoutes.js,transferStock,views/activeclinic/app/pharmacy-stock-transfer-content.ejs,layouts/app-shell.ejs,DESKTOP|MOBILE,PRIMARY_SCREEN,DEFAULT,true,activeclinic.pharmacy.inventory.manage,true,pharmacy,REACHABLE,GET/POST transfer with facility isolation,,public/activeclinic/ac-shell-nav.js,FUNCTIONAL,Stitch ce22d1c5de5f43ad8a458f57aa217fd3
ACV7-IMPL-0196,INTERNAL,PHARMACY,GET,/app/pharmacy/prescriptions/:id/labels,src/activeclinic/http/activeClinicPharmacyRoutes.js,getMedicineLabel,views/activeclinic/app/pharmacy-medicine-labels-content.ejs,layouts/app-shell.ejs,DESKTOP|MOBILE,PRIMARY_SCREEN,DEFAULT,true,activeclinic.pharmacy.view|activeclinic.pharmacy.dispense,true,pharmacy,REACHABLE,GET print labels from prescription data,,public/activeclinic/ac-shell-nav.js,FUNCTIONAL,Stitch b62126b07af7488094221932b9046193
ACV7-IMPL-0197,INTERNAL,BILLING,GET,/app/billing/ar,src/activeclinic/http/activeClinicBillingRoutes.js,listAccountsReceivable,views/activeclinic/app/billing-ar-content.ejs,layouts/app-shell.ejs,DESKTOP|MOBILE,PRIMARY_SCREEN,DEFAULT,true,activeclinic.billing.view,true,billing,REACHABLE,GET AR balances; phase4 billing tests,,public/activeclinic/ac-shell-nav.js,FUNCTIONAL,Stitch 1829edeb5d1741be9b6ae68a219ef7cc
ACV7-IMPL-0198,INTERNAL,BILLING,GET,/app/billing/charges/review,src/activeclinic/http/activeClinicBillingRoutes.js,listAutomaticChargesForReview,views/activeclinic/app/billing-charge-review-content.ejs,layouts/app-shell.ejs,DESKTOP|MOBILE,PRIMARY_SCREEN,DEFAULT,true,activeclinic.billing.charge.review,true,billing,REACHABLE,GET charge review queue + POST review,,public/activeclinic/ac-shell-nav.js,FUNCTIONAL,Stitch 954a9269255245dd9c6e375f8cbdd93b
ACV7-IMPL-0199,INTERNAL,BILLING,GET,/app/billing/collections,src/activeclinic/http/activeClinicBillingRoutes.js,listCollectionsWorkQueue,views/activeclinic/app/billing-collections-content.ejs,layouts/app-shell.ejs,DESKTOP|MOBILE,PRIMARY_SCREEN,DEFAULT,true,activeclinic.billing.view,true,billing,REACHABLE,GET collections work queue,,public/activeclinic/ac-shell-nav.js,FUNCTIONAL,Stitch 16318693e2874e79a8463d91c6ba63ad
ACV7-IMPL-0200,INTERNAL,BILLING,GET,/app/billing/collections/contact,src/activeclinic/http/activeClinicBillingRoutes.js,logCollectionsContact,views/activeclinic/app/billing-collections-contact-content.ejs,layouts/app-shell.ejs,DESKTOP|MOBILE,PRIMARY_SCREEN,DEFAULT,true,activeclinic.billing.view,true,billing,REACHABLE,GET/POST contact patient for payment,,public/activeclinic/ac-shell-nav.js,FUNCTIONAL,Stitch 513301ae28e1423ab7431e299cf45eee
ACV7-IMPL-0201,INTERNAL,BILLING,GET,/app/billing/credit-notes,src/activeclinic/http/activeClinicBillingRoutes.js,listCreditNotes,views/activeclinic/app/billing-credit-notes-content.ejs,layouts/app-shell.ejs,DESKTOP|MOBILE,PRIMARY_SCREEN,DEFAULT,true,activeclinic.billing.view,true,billing,REACHABLE,GET list + new/detail create credit notes,,public/activeclinic/ac-shell-nav.js,FUNCTIONAL,Stitch 92b97e715c6f4c308e61d3b39d66a1e9
ACV7-IMPL-0202,INTERNAL,BILLING,GET,/app/billing/credit-notes/new,src/activeclinic/http/activeClinicBillingRoutes.js,createCreditNote,views/activeclinic/app/billing-credit-note-form-content.ejs,layouts/app-shell.ejs,DESKTOP|MOBILE,PRIMARY_SCREEN,DEFAULT,true,activeclinic.billing.invoice.amend,true,billing,REACHABLE,GET/POST credit note form,,public/activeclinic/ac-shell-nav.js,FUNCTIONAL,Credit note create
ACV7-IMPL-0203,INTERNAL,BILLING,GET,/app/billing/credit-notes/:id,src/activeclinic/http/activeClinicBillingRoutes.js,getCreditNote,views/activeclinic/app/billing-credit-note-detail-content.ejs,layouts/app-shell.ejs,DESKTOP|MOBILE,PRIMARY_SCREEN,DEFAULT,true,activeclinic.billing.view,true,billing,REACHABLE,GET credit note detail,,public/activeclinic/ac-shell-nav.js,FUNCTIONAL,Credit note detail
ACV7-IMPL-0204,INTERNAL,BILLING,GET,/app/billing/corrections,src/activeclinic/http/activeClinicBillingRoutes.js,listFinancialCorrections,views/activeclinic/app/billing-corrections-content.ejs,layouts/app-shell.ejs,DESKTOP|MOBILE,PRIMARY_SCREEN,DEFAULT,true,activeclinic.billing.view,true,billing,REACHABLE,GET correction history desktop+mobile responsive,,public/activeclinic/ac-shell-nav.js,FUNCTIONAL,Stitch 54163d0beee74c29990bd83b77480af5 + a21d364d62f04c78ac8477971377eca9
ACV7-IMPL-0205,INTERNAL,BILLING,GET,/app/billing/arrangements,src/activeclinic/http/activeClinicBillingRoutes.js,listPaymentArrangements,views/activeclinic/app/billing-arrangements-content.ejs,layouts/app-shell.ejs,DESKTOP|MOBILE,PRIMARY_SCREEN,DEFAULT,true,activeclinic.billing.view,true,billing,REACHABLE,GET arrangements list,,public/activeclinic/ac-shell-nav.js,FUNCTIONAL,Stitch 02e1c1976d844c2cac63682e1853fa46
ACV7-IMPL-0206,INTERNAL,BILLING,GET,/app/billing/arrangements/new,src/activeclinic/http/activeClinicBillingRoutes.js,createPaymentArrangement,views/activeclinic/app/billing-arrangement-form-content.ejs,layouts/app-shell.ejs,DESKTOP|MOBILE,PRIMARY_SCREEN,DEFAULT,true,activeclinic.billing.view,true,billing,REACHABLE,GET/POST new arrangement,,public/activeclinic/ac-shell-nav.js,FUNCTIONAL,Arrangement create form
ACV7-IMPL-0207,INTERNAL,BILLING,GET,/app/billing/arrangements/:id,src/activeclinic/http/activeClinicBillingRoutes.js,getPaymentArrangement,views/activeclinic/app/billing-arrangement-review-content.ejs,layouts/app-shell.ejs,DESKTOP|MOBILE,PRIMARY_SCREEN,DEFAULT,true,activeclinic.billing.view,true,billing,REACHABLE,GET review + POST review action,,public/activeclinic/ac-shell-nav.js,FUNCTIONAL,Stitch 2a0ae995f3e140da863e5aede4b2e71f
ACV7-IMPL-0208,INTERNAL,BILLING,GET,/app/billing/price-overrides,src/activeclinic/http/activeClinicBillingRoutes.js,listPriceOverrideRequests,views/activeclinic/app/billing-price-overrides-content.ejs,layouts/app-shell.ejs,DESKTOP|MOBILE,PRIMARY_SCREEN,DEFAULT,true,activeclinic.billing.view|activeclinic.billing.price.override,true,billing,REACHABLE,GET list + approve/reject; create form,,public/activeclinic/ac-shell-nav.js,FUNCTIONAL,Stitch a953a043598945fdab38285c7dab7206
ACV7-IMPL-0209,INTERNAL,BILLING,GET,/app/billing/price-overrides/new,src/activeclinic/http/activeClinicBillingRoutes.js,createPriceOverrideRequest,views/activeclinic/app/billing-price-override-form-content.ejs,layouts/app-shell.ejs,DESKTOP|MOBILE,PRIMARY_SCREEN,DEFAULT,true,activeclinic.billing.charge,true,billing,REACHABLE,GET/POST request override,,public/activeclinic/ac-shell-nav.js,FUNCTIONAL,Price override request form
ACV7-IMPL-0210,INTERNAL,BILLING,GET,/app/billing/patients/:patientNumber/statement,src/activeclinic/http/activeClinicBillingRoutes.js,getPatientAccountStatement,views/activeclinic/app/billing-statement-content.ejs,layouts/app-shell.ejs,DESKTOP|MOBILE,PRIMARY_SCREEN,DEFAULT,true,activeclinic.billing.view,true,billing,REACHABLE,GET printable patient statement,,public/activeclinic/ac-shell-nav.js,FUNCTIONAL,Stitch 666806c4ea194d478e3baf2b7876950c
ACV7-IMPL-0211,INTERNAL,CASHIER,GET,/app/cashier/refunds/:refundId/receipt,src/activeclinic/http/activeClinicCashierRoutes.js,getRefundReceipt,views/activeclinic/app/cashier-refund-receipt-content.ejs,layouts/app-shell.ejs,DESKTOP|MOBILE,PRIMARY_SCREEN,DEFAULT,true,activeclinic.cashier.view|activeclinic.billing.view,true,cashier,REACHABLE,GET refund receipt from real refund record,,public/activeclinic/ac-shell-nav.js,FUNCTIONAL,Stitch 244dc0c45a23434bb2747468a699167b
ACV7-IMPL-0212,INTERNAL,BILLING,GET,/app/billing/reports/revenue,src/activeclinic/http/activeClinicBillingRoutes.js,getRevenueReport,views/activeclinic/app/billing-revenue-report-content.ejs,layouts/app-shell.ejs,DESKTOP|MOBILE,PRIMARY_SCREEN,DEFAULT,true,activeclinic.billing.view,true,billing,REACHABLE,GET revenue summary report,,public/activeclinic/ac-shell-nav.js,FUNCTIONAL,Stitch 08921cb100ab462d8ec08c007f1bd895
ACV7-IMPL-0213,INTERNAL,BILLING,GET,/app/billing/reports/revenue/detailed,src/activeclinic/http/activeClinicBillingRoutes.js,getRevenueReportDetailed,views/activeclinic/app/billing-revenue-report-detailed-content.ejs,layouts/app-shell.ejs,DESKTOP|MOBILE,PRIMARY_SCREEN,DEFAULT,true,activeclinic.billing.view,true,billing,REACHABLE,GET detailed revenue report,,public/activeclinic/ac-shell-nav.js,FUNCTIONAL,Stitch 550a52476c254e258d58737fc1184bb6
