current_qualified,target_schema,proposed_target_name,owning_product,classification,primary_key_type,creating_migration,migration_complexity,v4_risk,v5_risk,may_discard,source_repo,note
"public._getpro_migrations","platform","schema_migrations","platform","shared","text","000_full_schema.sql","medium","high_if_moved_without_compat","high_if_moved_without_compat","true","getpro",""
"public.accounting_periods","getpro","accounting_periods","getpro","product-specific","integer_identity","036_accounting_periods.sql","medium","high_if_moved_without_compat","high_if_moved_without_compat","true","getpro",""
"public.admin_field_agent_analytics_presets","getpro","admin_field_agent_analytics_presets","getpro","product-specific","integer_identity","027_field_agent_analytics_presets.sql","medium","high_if_moved_without_compat","high_if_moved_without_compat","true","getpro",""
"public.admin_user_tenant_roles","platform","admin_user_tenant_roles","platform","shared","composite_or_named","000_full_schema.sql","medium","high_if_moved_without_compat","high_if_moved_without_compat","true","getpro",""
"public.admin_users","platform","admin_users","platform","shared","integer_identity","000_full_schema.sql","critical","high_if_moved_without_compat","high_if_moved_without_compat","true","getpro",""
"public.callback_interests","getpro","callback_interests","getpro","product-specific","integer_identity","000_full_schema.sql","medium","high_if_moved_without_compat","high_if_moved_without_compat","true","getpro",""
"public.categories","getpro","categories","getpro","product-specific","integer_identity","000_full_schema.sql","medium","high_if_moved_without_compat","high_if_moved_without_compat","true","getpro",""
"public.church_announcement_attachments","blessboard","announcement_attachments","blessboard","product-specific","unknown","091_church_broadcast_announcement_enhancements.sql","medium","high_if_moved_without_compat","high_if_moved_without_compat","true","getpro",""
"public.church_announcements","blessboard","announcements","blessboard","product-specific","integer_identity","055_church_member_portal.sql","medium","high_if_moved_without_compat","high_if_moved_without_compat","true","getpro",""
"public.church_appointment_availability","blessboard","appointment_availability","blessboard","product-specific","unknown","116_church_growth_appointments_surveys.sql","medium","n/a_on_v4_branch","high_if_moved_without_compat","true","getpro",""
"public.church_appointment_confidential_notes","blessboard","appointment_confidential_notes","blessboard","product-specific","unknown","116_church_growth_appointments_surveys.sql","medium","n/a_on_v4_branch","high_if_moved_without_compat","true","getpro",""
"public.church_appointment_leave","blessboard","appointment_leave","blessboard","product-specific","unknown","116_church_growth_appointments_surveys.sql","medium","n/a_on_v4_branch","high_if_moved_without_compat","true","getpro",""
"public.church_appointment_reminders","blessboard","appointment_reminders","blessboard","product-specific","unknown","116_church_growth_appointments_surveys.sql","medium","n/a_on_v4_branch","high_if_moved_without_compat","true","getpro",""
"public.church_appointment_settings","blessboard","appointment_settings","blessboard","product-specific","unknown","116_church_growth_appointments_surveys.sql","medium","n/a_on_v4_branch","high_if_moved_without_compat","true","getpro",""
"public.church_appointments","blessboard","appointments","blessboard","product-specific","unknown","116_church_growth_appointments_surveys.sql","medium","n/a_on_v4_branch","high_if_moved_without_compat","true","getpro",""
"public.church_attendance_branch_rules","blessboard","attendance_branch_rules","blessboard","product-specific","unknown","114_church_growth_advanced_attendance.sql","medium","n/a_on_v4_branch","high_if_moved_without_compat","true","getpro",""
"public.church_attendance_check_ins","blessboard","attendance_check_ins","blessboard","product-specific","unknown","112_church_foundation_attendance_check_ins.sql","medium","n/a_on_v4_branch","high_if_moved_without_compat","true","getpro",""
"public.church_attendance_cross_branch_authorizations","blessboard","attendance_cross_branch_authorizations","blessboard","product-specific","unknown","114_church_growth_advanced_attendance.sql","medium","n/a_on_v4_branch","high_if_moved_without_compat","true","getpro",""
"public.church_attendance_offline_queue","blessboard","attendance_offline_queue","blessboard","product-specific","unknown","114_church_growth_advanced_attendance.sql","medium","n/a_on_v4_branch","high_if_moved_without_compat","true","getpro",""
"public.church_attendance_records","blessboard","attendance_records","blessboard","product-specific","integer_identity","049_church_core.sql","medium","high_if_moved_without_compat","high_if_moved_without_compat","true","getpro",""
"public.church_attendance_service_sessions","blessboard","attendance_service_sessions","blessboard","product-specific","unknown","112_church_foundation_attendance_check_ins.sql","medium","n/a_on_v4_branch","high_if_moved_without_compat","true","getpro",""
"public.church_audit_logs","blessboard","audit_logs","blessboard","product-specific","integer_identity","049_church_core.sql","medium","high_if_moved_without_compat","high_if_moved_without_compat","true","getpro",""
"public.church_backup_verification_events","blessboard","backup_verification_events","blessboard","product-specific","unknown","108_church_backup_verification.sql","medium","n/a_on_v4_branch","high_if_moved_without_compat","true","getpro",""
"public.church_billing_branch_snapshots","blessboard","billing_branch_snapshots","blessboard","product-specific","unknown","098_church_growth_billing.sql","high","n/a_on_v4_branch","high_if_moved_without_compat","true","getpro",""
"public.church_billing_credits","blessboard","billing_credits","blessboard","product-specific","unknown","098_church_growth_billing.sql","high","n/a_on_v4_branch","high_if_moved_without_compat","true","getpro",""
"public.church_billing_discounts","blessboard","billing_discounts","blessboard","product-specific","unknown","098_church_growth_billing.sql","high","n/a_on_v4_branch","high_if_moved_without_compat","true","getpro",""
"public.church_billing_invoices","blessboard","billing_invoices","blessboard","product-specific","unknown","098_church_growth_billing.sql","high","n/a_on_v4_branch","high_if_moved_without_compat","true","getpro",""
"public.church_billing_package_price_history","blessboard","billing_package_price_history","blessboard","product-specific","unknown","098_church_growth_billing.sql","high","n/a_on_v4_branch","high_if_moved_without_compat","true","getpro",""
"public.church_billing_periods","blessboard","billing_periods","blessboard","product-specific","unknown","098_church_growth_billing.sql","high","n/a_on_v4_branch","high_if_moved_without_compat","true","getpro",""
"public.church_billing_price_book","blessboard","billing_price_book","blessboard","product-specific","unknown","098_church_growth_billing.sql","high","n/a_on_v4_branch","high_if_moved_without_compat","true","getpro",""
"public.church_branch_admin_password_reset_requests","blessboard","branch_admin_password_reset_requests","blessboard","product-specific","unknown","083_church_branch_admin_password_reset_requests.sql","medium","high_if_moved_without_compat","high_if_moved_without_compat","true","getpro",""
"public.church_branch_admins","blessboard","branch_admins","blessboard","product-specific","integer_identity","049_church_core.sql","medium","high_if_moved_without_compat","high_if_moved_without_compat","true","getpro",""
"public.church_branch_website_content","blessboard","branch_website_content","blessboard","product-specific","integer_identity","058_church_website_content.sql","medium","high_if_moved_without_compat","high_if_moved_without_compat","true","getpro",""
"public.church_branches","platform","branches","blessboard","shared","integer_identity","049_church_core.sql","critical","high_if_moved_without_compat","high_if_moved_without_compat","true","getpro","lift to platform.branches"
"public.church_database_identity","platform","database_identity","platform","shared","integer","121_church_database_identity.sql","critical","n/a_on_v4_branch","high_if_moved_without_compat","true","getpro","replace with platform.database_identity"
"public.church_departments","blessboard","departments","blessboard","product-specific","integer_identity","060_church_ministries_departments.sql","medium","high_if_moved_without_compat","high_if_moved_without_compat","true","getpro",""
"public.church_discipleship_history","blessboard","discipleship_history","blessboard","product-specific","unknown","117_church_growth_groups_discipleship_volunteers.sql","medium","n/a_on_v4_branch","high_if_moved_without_compat","true","getpro",""
"public.church_discipleship_milestones","blessboard","discipleship_milestones","blessboard","product-specific","unknown","117_church_growth_groups_discipleship_volunteers.sql","medium","n/a_on_v4_branch","high_if_moved_without_compat","true","getpro",""
"public.church_discipleship_stages","blessboard","discipleship_stages","blessboard","product-specific","unknown","117_church_growth_groups_discipleship_volunteers.sql","medium","n/a_on_v4_branch","high_if_moved_without_compat","true","getpro",""
"public.church_duty_roster","blessboard","duty_roster","blessboard","product-specific","integer_identity","061_church_duty_roster.sql","medium","high_if_moved_without_compat","high_if_moved_without_compat","true","getpro",""
"public.church_event_check_ins","blessboard","event_check_ins","blessboard","product-specific","unknown","118_church_growth_advanced_events.sql","medium","n/a_on_v4_branch","high_if_moved_without_compat","true","getpro",""
"public.church_event_feedback","blessboard","event_feedback","blessboard","product-specific","unknown","118_church_growth_advanced_events.sql","medium","n/a_on_v4_branch","high_if_moved_without_compat","true","getpro",""
"public.church_event_form_questions","blessboard","event_form_questions","blessboard","product-specific","unknown","118_church_growth_advanced_events.sql","medium","n/a_on_v4_branch","high_if_moved_without_compat","true","getpro",""
"public.church_event_registration_answers","blessboard","event_registration_answers","blessboard","product-specific","unknown","118_church_growth_advanced_events.sql","medium","n/a_on_v4_branch","high_if_moved_without_compat","true","getpro",""
"public.church_event_registration_companions","blessboard","event_registration_companions","blessboard","product-specific","unknown","118_church_growth_advanced_events.sql","medium","n/a_on_v4_branch","high_if_moved_without_compat","true","getpro",""
"public.church_event_registration_forms","blessboard","event_registration_forms","blessboard","product-specific","unknown","118_church_growth_advanced_events.sql","medium","n/a_on_v4_branch","high_if_moved_without_compat","true","getpro",""
"public.church_event_registrations","blessboard","event_registrations","blessboard","product-specific","unknown","118_church_growth_advanced_events.sql","medium","n/a_on_v4_branch","high_if_moved_without_compat","true","getpro",""
"public.church_event_visitor_follow_ups","blessboard","event_visitor_follow_ups","blessboard","product-specific","unknown","118_church_growth_advanced_events.sql","medium","n/a_on_v4_branch","high_if_moved_without_compat","true","getpro",""
"public.church_event_volunteer_needs","blessboard","event_volunteer_needs","blessboard","product-specific","unknown","118_church_growth_advanced_events.sql","medium","n/a_on_v4_branch","high_if_moved_without_compat","true","getpro",""
"public.church_events","blessboard","events","blessboard","product-specific","integer_identity","055_church_member_portal.sql","medium","high_if_moved_without_compat","high_if_moved_without_compat","true","getpro",""
"public.church_feed_item_reads","blessboard","feed_item_reads","blessboard","product-specific","unknown","091_church_broadcast_announcement_enhancements.sql","medium","high_if_moved_without_compat","high_if_moved_without_compat","true","getpro",""
"public.church_giving_settings","blessboard","giving_settings","blessboard","product-specific","integer_identity","059_church_giving_settings.sql","medium","high_if_moved_without_compat","high_if_moved_without_compat","true","getpro",""
"public.church_giving_summaries","blessboard","giving_summaries","blessboard","product-specific","integer_identity","049_church_core.sql","medium","high_if_moved_without_compat","high_if_moved_without_compat","true","getpro",""
"public.church_group_attendance","blessboard","group_attendance","blessboard","product-specific","unknown","117_church_growth_groups_discipleship_volunteers.sql","medium","n/a_on_v4_branch","high_if_moved_without_compat","true","getpro",""
"public.church_group_join_requests","blessboard","group_join_requests","blessboard","product-specific","unknown","117_church_growth_groups_discipleship_volunteers.sql","medium","n/a_on_v4_branch","high_if_moved_without_compat","true","getpro",""
"public.church_group_leaders","blessboard","group_leaders","blessboard","product-specific","unknown","117_church_growth_groups_discipleship_volunteers.sql","medium","n/a_on_v4_branch","high_if_moved_without_compat","true","getpro",""
"public.church_group_meetings","blessboard","group_meetings","blessboard","product-specific","unknown","117_church_growth_groups_discipleship_volunteers.sql","medium","n/a_on_v4_branch","high_if_moved_without_compat","true","getpro",""
"public.church_group_memberships","blessboard","group_memberships","blessboard","product-specific","unknown","117_church_growth_groups_discipleship_volunteers.sql","medium","n/a_on_v4_branch","high_if_moved_without_compat","true","getpro",""
"public.church_group_notes","blessboard","group_notes","blessboard","product-specific","unknown","117_church_growth_groups_discipleship_volunteers.sql","medium","n/a_on_v4_branch","high_if_moved_without_compat","true","getpro",""
"public.church_groups","blessboard","groups","blessboard","product-specific","unknown","117_church_growth_groups_discipleship_volunteers.sql","medium","n/a_on_v4_branch","high_if_moved_without_compat","true","getpro",""
"public.church_hq_admin_password_reset_requests","blessboard","hq_admin_password_reset_requests","blessboard","product-specific","unknown","084_church_hq_admin_password_reset_requests.sql","medium","high_if_moved_without_compat","high_if_moved_without_compat","true","getpro",""
"public.church_hq_admins","blessboard","hq_admins","blessboard","product-specific","integer_identity","049_church_core.sql","medium","high_if_moved_without_compat","high_if_moved_without_compat","true","getpro",""
"public.church_hq_broadcast_attachments","blessboard","hq_broadcast_attachments","blessboard","product-specific","unknown","091_church_broadcast_announcement_enhancements.sql","high","high_if_moved_without_compat","high_if_moved_without_compat","true","getpro",""
"public.church_hq_broadcast_deliveries","blessboard","hq_broadcast_deliveries","blessboard","product-specific","unknown","101_church_scheduled_broadcasts.sql","high","n/a_on_v4_branch","high_if_moved_without_compat","true","getpro",""
"public.church_hq_broadcast_department_targets","blessboard","hq_broadcast_department_targets","blessboard","product-specific","unknown","101_church_scheduled_broadcasts.sql","high","n/a_on_v4_branch","high_if_moved_without_compat","true","getpro",""
"public.church_hq_broadcast_event_targets","blessboard","hq_broadcast_event_targets","blessboard","product-specific","unknown","101_church_scheduled_broadcasts.sql","high","n/a_on_v4_branch","high_if_moved_without_compat","true","getpro",""
"public.church_hq_broadcast_ministry_targets","blessboard","hq_broadcast_ministry_targets","blessboard","product-specific","unknown","101_church_scheduled_broadcasts.sql","high","n/a_on_v4_branch","high_if_moved_without_compat","true","getpro",""
"public.church_hq_broadcast_selected_recipients","blessboard","hq_broadcast_selected_recipients","blessboard","product-specific","unknown","101_church_scheduled_broadcasts.sql","high","n/a_on_v4_branch","high_if_moved_without_compat","true","getpro",""
"public.church_hq_broadcast_targets","blessboard","hq_broadcast_targets","blessboard","product-specific","unknown","068_church_hq_broadcasts.sql","high","high_if_moved_without_compat","high_if_moved_without_compat","true","getpro",""
"public.church_hq_broadcast_test_deliveries","blessboard","hq_broadcast_test_deliveries","blessboard","product-specific","unknown","120_church_growth_communication_controls.sql","high","n/a_on_v4_branch","high_if_moved_without_compat","true","getpro",""
"public.church_hq_broadcasts","blessboard","hq_broadcasts","blessboard","product-specific","unknown","068_church_hq_broadcasts.sql","high","high_if_moved_without_compat","high_if_moved_without_compat","true","getpro",""
"public.church_login_attempts","blessboard","login_attempts","blessboard","product-specific","unknown","081_church_login_attempt_protection.sql","medium","high_if_moved_without_compat","high_if_moved_without_compat","true","getpro",""
"public.church_member_attendance_exemptions","blessboard","member_attendance_exemptions","blessboard","product-specific","unknown","114_church_growth_advanced_attendance.sql","medium","n/a_on_v4_branch","high_if_moved_without_compat","true","getpro",""
"public.church_member_attendance_qr_tokens","blessboard","member_attendance_qr_tokens","blessboard","product-specific","unknown","112_church_foundation_attendance_check_ins.sql","medium","n/a_on_v4_branch","high_if_moved_without_compat","true","getpro",""
"public.church_member_branch_history","blessboard","member_branch_history","blessboard","product-specific","unknown","096_church_member_branch_history.sql","medium","n/a_on_v4_branch","high_if_moved_without_compat","true","getpro",""
"public.church_member_discipleship","blessboard","member_discipleship","blessboard","product-specific","unknown","117_church_growth_groups_discipleship_volunteers.sql","medium","n/a_on_v4_branch","high_if_moved_without_compat","true","getpro",""
"public.church_member_import_batches","blessboard","member_import_batches","blessboard","product-specific","unknown","104_church_member_import_batches.sql","medium","n/a_on_v4_branch","high_if_moved_without_compat","true","getpro",""
"public.church_member_import_rows","blessboard","member_import_rows","blessboard","product-specific","unknown","104_church_member_import_batches.sql","medium","n/a_on_v4_branch","high_if_moved_without_compat","true","getpro",""
"public.church_member_ministries","blessboard","member_ministries","blessboard","product-specific","integer_identity","060_church_ministries_departments.sql","medium","high_if_moved_without_compat","high_if_moved_without_compat","true","getpro",""
"public.church_member_password_reset_requests","blessboard","member_password_reset_requests","blessboard","product-specific","unknown","082_church_member_password_reset_requests.sql","medium","high_if_moved_without_compat","high_if_moved_without_compat","true","getpro",""
"public.church_member_requests","blessboard","member_requests","blessboard","product-specific","integer_identity","055_church_member_portal.sql","medium","high_if_moved_without_compat","high_if_moved_without_compat","true","getpro",""
"public.church_members","blessboard","members","blessboard","product-specific","integer_identity","049_church_core.sql","medium","high_if_moved_without_compat","high_if_moved_without_compat","true","getpro",""
"public.church_ministries","blessboard","ministries","blessboard","product-specific","integer_identity","060_church_ministries_departments.sql","medium","high_if_moved_without_compat","high_if_moved_without_compat","true","getpro",""
"public.church_ministry_activity_notes","blessboard","ministry_activity_notes","blessboard","product-specific","integer_identity","062_church_ministry_leaders.sql","medium","high_if_moved_without_compat","high_if_moved_without_compat","true","getpro",""
"public.church_ministry_join_requests","blessboard","ministry_join_requests","blessboard","product-specific","integer_identity","065_church_ministry_join_requests.sql","medium","high_if_moved_without_compat","high_if_moved_without_compat","true","getpro",""
"public.church_ministry_leader_password_reset_requests","blessboard","ministry_leader_password_reset_requests","blessboard","product-specific","unknown","088_church_ministry_leader_password_reset_requests.sql","medium","high_if_moved_without_compat","high_if_moved_without_compat","true","getpro",""
"public.church_ministry_leaders","blessboard","ministry_leaders","blessboard","product-specific","integer_identity","062_church_ministry_leaders.sql","medium","high_if_moved_without_compat","high_if_moved_without_compat","true","getpro",""
"public.church_monthly_reports","blessboard","monthly_reports","blessboard","product-specific","integer_identity","049_church_core.sql","medium","high_if_moved_without_compat","high_if_moved_without_compat","true","getpro",""
"public.church_notification_templates","blessboard","notification_templates","blessboard","product-specific","unknown","105_church_notification_templates.sql","medium","n/a_on_v4_branch","high_if_moved_without_compat","true","getpro",""
"public.church_notification_test_deliveries","blessboard","notification_test_deliveries","blessboard","product-specific","unknown","105_church_notification_templates.sql","medium","n/a_on_v4_branch","high_if_moved_without_compat","true","getpro",""
"public.church_organization_account_managers","blessboard","organization_account_managers","blessboard","product-specific","unknown","126_church_platform_support_access.sql","medium","n/a_on_v4_branch","high_if_moved_without_compat","true","getpro",""
"public.church_organization_communication_policies","blessboard","organization_communication_policies","blessboard","product-specific","integer","120_church_growth_communication_controls.sql","medium","n/a_on_v4_branch","high_if_moved_without_compat","true","getpro",""
"public.church_organization_inactivity_warnings","blessboard","organization_inactivity_warnings","blessboard","product-specific","unknown","103_church_organization_dormancy.sql","medium","n/a_on_v4_branch","high_if_moved_without_compat","true","getpro",""
"public.church_organization_package_history","blessboard","organization_package_history","blessboard","product-specific","unknown","098_church_growth_billing.sql","medium","n/a_on_v4_branch","high_if_moved_without_compat","true","getpro",""
"public.church_organization_package_trial_reminders","blessboard","organization_package_trial_reminders","blessboard","product-specific","unknown","099_church_growth_trials.sql","medium","n/a_on_v4_branch","high_if_moved_without_compat","true","getpro",""
"public.church_organization_package_trials","blessboard","organization_package_trials","blessboard","product-specific","unknown","099_church_growth_trials.sql","medium","n/a_on_v4_branch","high_if_moved_without_compat","true","getpro",""
"public.church_organization_usage_months","blessboard","organization_usage_months","blessboard","product-specific","composite_or_named","097_church_package_usage.sql","medium","n/a_on_v4_branch","high_if_moved_without_compat","true","getpro",""
"public.church_organizations","platform","organizations","blessboard","shared","integer_identity","049_church_core.sql","critical","high_if_moved_without_compat","high_if_moved_without_compat","true","getpro","lift to platform.organizations + blessboard profile"
"public.church_password_reset_rate_limits","blessboard","password_reset_rate_limits","blessboard","product-specific","unknown","085_church_password_reset_rate_limits.sql","medium","high_if_moved_without_compat","high_if_moved_without_compat","true","getpro",""
"public.church_pastoral_attachments","blessboard","pastoral_attachments","blessboard","product-specific","unknown","113_church_foundation_pastoral_care.sql","medium","n/a_on_v4_branch","high_if_moved_without_compat","true","getpro",""
"public.church_pastoral_automation_runs","blessboard","pastoral_automation_runs","blessboard","product-specific","unknown","115_church_growth_pastoral_automation.sql","medium","n/a_on_v4_branch","high_if_moved_without_compat","true","getpro",""
"public.church_pastoral_automation_settings","blessboard","pastoral_automation_settings","blessboard","product-specific","unknown","115_church_growth_pastoral_automation.sql","medium","n/a_on_v4_branch","high_if_moved_without_compat","true","getpro",""
"public.church_pastoral_automation_work_items","blessboard","pastoral_automation_work_items","blessboard","product-specific","unknown","115_church_growth_pastoral_automation.sql","medium","n/a_on_v4_branch","high_if_moved_without_compat","true","getpro",""
"public.church_pastoral_case_follow_ups","blessboard","pastoral_case_follow_ups","blessboard","product-specific","unknown","113_church_foundation_pastoral_care.sql","medium","n/a_on_v4_branch","high_if_moved_without_compat","true","getpro",""
"public.church_pastoral_cases","blessboard","pastoral_cases","blessboard","product-specific","unknown","113_church_foundation_pastoral_care.sql","medium","n/a_on_v4_branch","high_if_moved_without_compat","true","getpro",""
"public.church_pilot_feature_flag_audit","blessboard","pilot_feature_flag_audit","blessboard","product-specific","unknown","110_church_pilot_feature_flags.sql","medium","n/a_on_v4_branch","high_if_moved_without_compat","true","getpro",""
"public.church_pilot_feature_flag_platform_defaults","blessboard","pilot_feature_flag_platform_defaults","blessboard","product-specific","unknown","110_church_pilot_feature_flags.sql","medium","n/a_on_v4_branch","high_if_moved_without_compat","true","getpro",""
"public.church_pilot_feature_flag_tenant_overrides","blessboard","pilot_feature_flag_tenant_overrides","blessboard","product-specific","unknown","110_church_pilot_feature_flags.sql","medium","n/a_on_v4_branch","high_if_moved_without_compat","true","getpro",""
"public.church_pilot_readiness_approvals","blessboard","pilot_readiness_approvals","blessboard","product-specific","unknown","106_church_pilot_readiness.sql","medium","n/a_on_v4_branch","high_if_moved_without_compat","true","getpro",""
"public.church_pilot_readiness_item_notes","blessboard","pilot_readiness_item_notes","blessboard","product-specific","unknown","106_church_pilot_readiness.sql","medium","n/a_on_v4_branch","high_if_moved_without_compat","true","getpro",""
"public.church_platform_inquiries","blessboard","platform_inquiries","blessboard","product-specific","integer_identity","094_church_platform_inquiries.sql","medium","high_if_moved_without_compat","high_if_moved_without_compat","true","getpro",""
"public.church_platform_support_access","blessboard","platform_support_access","blessboard","product-specific","unknown","126_church_platform_support_access.sql","medium","n/a_on_v4_branch","high_if_moved_without_compat","true","getpro",""
"public.church_platform_support_access_events","blessboard","platform_support_access_events","blessboard","product-specific","unknown","126_church_platform_support_access.sql","medium","n/a_on_v4_branch","high_if_moved_without_compat","true","getpro",""
"public.church_platform_support_notes","blessboard","platform_support_notes","blessboard","product-specific","unknown","077_church_platform_support_notes.sql","medium","high_if_moved_without_compat","high_if_moved_without_compat","true","getpro",""
"public.church_prayer_requests","blessboard","prayer_requests","blessboard","product-specific","integer_identity","055_church_member_portal.sql","medium","high_if_moved_without_compat","high_if_moved_without_compat","true","getpro",""
"public.church_public_contact_submissions","blessboard","public_contact_submissions","blessboard","product-specific","integer_identity","090_church_operational_readiness.sql","medium","high_if_moved_without_compat","high_if_moved_without_compat","true","getpro",""
"public.church_release_records","blessboard","release_records","blessboard","product-specific","unknown","109_church_release_register.sql","medium","n/a_on_v4_branch","high_if_moved_without_compat","true","getpro",""
"public.church_resources","blessboard","resources","blessboard","product-specific","integer_identity","089_church_sermons_resources.sql","medium","high_if_moved_without_compat","high_if_moved_without_compat","true","getpro",""
"public.church_safeguarding_incidents","blessboard","safeguarding_incidents","blessboard","product-specific","unknown","113_church_foundation_pastoral_care.sql","medium","n/a_on_v4_branch","high_if_moved_without_compat","true","getpro",""
"public.church_saved_report_filters","blessboard","saved_report_filters","blessboard","product-specific","unknown","119_church_growth_advanced_reporting.sql","medium","n/a_on_v4_branch","high_if_moved_without_compat","true","getpro",""
"public.church_scheduled_report_deliveries","blessboard","scheduled_report_deliveries","blessboard","product-specific","unknown","100_church_scheduled_reports.sql","high","n/a_on_v4_branch","high_if_moved_without_compat","true","getpro",""
"public.church_scheduled_report_recipients","blessboard","scheduled_report_recipients","blessboard","product-specific","unknown","100_church_scheduled_reports.sql","high","n/a_on_v4_branch","high_if_moved_without_compat","true","getpro",""
"public.church_scheduled_report_runs","blessboard","scheduled_report_runs","blessboard","product-specific","unknown","100_church_scheduled_reports.sql","high","n/a_on_v4_branch","high_if_moved_without_compat","true","getpro",""
"public.church_scheduled_reports","blessboard","scheduled_reports","blessboard","product-specific","unknown","100_church_scheduled_reports.sql","high","n/a_on_v4_branch","high_if_moved_without_compat","true","getpro",""
"public.church_sermons","blessboard","sermons","blessboard","product-specific","integer_identity","089_church_sermons_resources.sql","medium","high_if_moved_without_compat","high_if_moved_without_compat","true","getpro",""
"public.church_survey_answers","blessboard","survey_answers","blessboard","product-specific","unknown","116_church_growth_appointments_surveys.sql","medium","n/a_on_v4_branch","high_if_moved_without_compat","true","getpro",""
"public.church_survey_questions","blessboard","survey_questions","blessboard","product-specific","unknown","116_church_growth_appointments_surveys.sql","medium","n/a_on_v4_branch","high_if_moved_without_compat","true","getpro",""
"public.church_survey_response_sessions","blessboard","survey_response_sessions","blessboard","product-specific","unknown","116_church_growth_appointments_surveys.sql","medium","n/a_on_v4_branch","high_if_moved_without_compat","true","getpro",""
"public.church_surveys","blessboard","surveys","blessboard","product-specific","unknown","116_church_growth_appointments_surveys.sql","medium","n/a_on_v4_branch","high_if_moved_without_compat","true","getpro",""
"public.church_volunteer_assignments","blessboard","volunteer_assignments","blessboard","product-specific","unknown","117_church_growth_groups_discipleship_volunteers.sql","medium","n/a_on_v4_branch","high_if_moved_without_compat","true","getpro",""
"public.church_volunteer_availability","blessboard","volunteer_availability","blessboard","product-specific","unknown","117_church_growth_groups_discipleship_volunteers.sql","medium","n/a_on_v4_branch","high_if_moved_without_compat","true","getpro",""
"public.church_volunteer_member_skills","blessboard","volunteer_member_skills","blessboard","product-specific","unknown","117_church_growth_groups_discipleship_volunteers.sql","medium","n/a_on_v4_branch","high_if_moved_without_compat","true","getpro",""
"public.church_volunteer_role_skills","blessboard","volunteer_role_skills","blessboard","product-specific","composite_or_named","117_church_growth_groups_discipleship_volunteers.sql","medium","n/a_on_v4_branch","high_if_moved_without_compat","true","getpro",""
"public.church_volunteer_roles","blessboard","volunteer_roles","blessboard","product-specific","unknown","117_church_growth_groups_discipleship_volunteers.sql","medium","n/a_on_v4_branch","high_if_moved_without_compat","true","getpro",""
"public.church_volunteer_shifts","blessboard","volunteer_shifts","blessboard","product-specific","unknown","117_church_growth_groups_discipleship_volunteers.sql","medium","n/a_on_v4_branch","high_if_moved_without_compat","true","getpro",""
"public.church_volunteer_skills","blessboard","volunteer_skills","blessboard","product-specific","unknown","117_church_growth_groups_discipleship_volunteers.sql","medium","n/a_on_v4_branch","high_if_moved_without_compat","true","getpro",""
"public.companies","getpro","companies","getpro","product-specific","integer_identity","000_full_schema.sql","medium","high_if_moved_without_compat","high_if_moved_without_compat","true","getpro",""
"public.company_personnel_users","getpro","company_personnel_users","getpro","product-specific","integer_identity","000_full_schema.sql","medium","high_if_moved_without_compat","high_if_moved_without_compat","true","getpro",""
"public.company_portal_credit_accounts","getpro","company_portal_credit_accounts","getpro","product-specific","integer_identity","000_full_schema.sql","medium","high_if_moved_without_compat","high_if_moved_without_compat","true","getpro",""
"public.company_portal_credit_ledger_entries","getpro","company_portal_credit_ledger_entries","getpro","product-specific","integer_identity","000_full_schema.sql","medium","high_if_moved_without_compat","high_if_moved_without_compat","true","getpro",""
"public.content_pages","getpro","content_pages","getpro","product-specific","integer_identity","000_full_schema.sql","medium","high_if_moved_without_compat","high_if_moved_without_compat","true","getpro",""
"public.crm_audit_logs","getpro","crm_audit_logs","getpro","product-specific","integer_identity","000_full_schema.sql","medium","high_if_moved_without_compat","high_if_moved_without_compat","true","getpro",""
"public.crm_csr_fifo_state","getpro","crm_csr_fifo_state","getpro","product-specific","integer","000_full_schema.sql","medium","high_if_moved_without_compat","high_if_moved_without_compat","true","getpro",""
"public.crm_task_comments","getpro","crm_task_comments","getpro","product-specific","integer_identity","000_full_schema.sql","medium","high_if_moved_without_compat","high_if_moved_without_compat","true","getpro",""
"public.crm_tasks","getpro","crm_tasks","getpro","product-specific","integer_identity","000_full_schema.sql","medium","high_if_moved_without_compat","high_if_moved_without_compat","true","getpro",""
"public.field_agent_callback_leads","getpro","field_agent_callback_leads","getpro","product-specific","integer_identity","002_field_agent.sql","medium","high_if_moved_without_compat","high_if_moved_without_compat","true","getpro",""
"public.field_agent_pay_run_adjustments","getpro","field_agent_pay_run_adjustments","getpro","product-specific","integer_identity","024_field_agent_pay_run_adjustments.sql","medium","high_if_moved_without_compat","high_if_moved_without_compat","true","getpro",""
"public.field_agent_pay_run_disputes","getpro","field_agent_pay_run_disputes","getpro","product-specific","integer_identity","023_field_agent_pay_run_disputes.sql","medium","high_if_moved_without_compat","high_if_moved_without_compat","true","getpro",""
"public.field_agent_pay_run_items","getpro","field_agent_pay_run_items","getpro","product-specific","integer_identity","020_field_agent_pay_runs.sql","medium","high_if_moved_without_compat","high_if_moved_without_compat","true","getpro",""
"public.field_agent_pay_run_payments","getpro","field_agent_pay_run_payments","getpro","product-specific","unknown","029_field_agent_pay_run_payments.sql","medium","high_if_moved_without_compat","high_if_moved_without_compat","true","getpro",""
"public.field_agent_pay_run_snapshots","getpro","field_agent_pay_run_snapshots","getpro","product-specific","unknown","034_field_agent_pay_run_snapshots.sql","medium","high_if_moved_without_compat","high_if_moved_without_compat","true","getpro",""
"public.field_agent_pay_run_status_history","getpro","field_agent_pay_run_status_history","getpro","product-specific","unknown","033_field_agent_pay_run_status_history.sql","medium","high_if_moved_without_compat","high_if_moved_without_compat","true","getpro",""
"public.field_agent_pay_runs","getpro","field_agent_pay_runs","getpro","product-specific","integer_identity","020_field_agent_pay_runs.sql","medium","high_if_moved_without_compat","high_if_moved_without_compat","true","getpro",""
"public.field_agent_payout_batch_pay_runs","getpro","field_agent_payout_batch_pay_runs","getpro","product-specific","integer_identity","039_field_agent_payout_batches.sql","medium","high_if_moved_without_compat","high_if_moved_without_compat","true","getpro",""
"public.field_agent_payout_batches","getpro","field_agent_payout_batches","getpro","product-specific","integer_identity","039_field_agent_payout_batches.sql","medium","high_if_moved_without_compat","high_if_moved_without_compat","true","getpro",""
"public.field_agent_payout_finance_audit","getpro","field_agent_payout_finance_audit","getpro","product-specific","unknown","042_field_agent_payout_finance_audit.sql","medium","high_if_moved_without_compat","high_if_moved_without_compat","true","getpro",""
"public.field_agent_provider_submissions","getpro","field_agent_provider_submissions","getpro","product-specific","integer_identity","002_field_agent.sql","medium","high_if_moved_without_compat","high_if_moved_without_compat","true","getpro",""
"public.field_agent_submission_audit","getpro","field_agent_submission_audit","getpro","product-specific","unknown","028_field_agent_submission_audit.sql","medium","high_if_moved_without_compat","high_if_moved_without_compat","true","getpro",""
"public.field_agent_submission_website_hours","getpro","field_agent_submission_website_hours","getpro","product-specific","composite_or_named","046_field_agent_website_specialities_hours.sql","medium","high_if_moved_without_compat","high_if_moved_without_compat","true","getpro",""
"public.field_agent_submission_website_specialities","getpro","field_agent_submission_website_specialities","getpro","product-specific","composite_or_named","046_field_agent_website_specialities_hours.sql","medium","high_if_moved_without_compat","high_if_moved_without_compat","true","getpro",""
"public.field_agents","getpro","field_agents","getpro","product-specific","integer_identity","002_field_agent.sql","medium","high_if_moved_without_compat","high_if_moved_without_compat","true","getpro",""
"public.finance_override_events","getpro","finance_override_events","getpro","product-specific","unknown","037_finance_override_events.sql","medium","high_if_moved_without_compat","high_if_moved_without_compat","true","getpro",""
"public.intake_allocation_settings","getpro","intake_allocation_settings","getpro","product-specific","integer","000_full_schema.sql","medium","high_if_moved_without_compat","high_if_moved_without_compat","true","getpro",""
"public.intake_category_lead_settings","getpro","intake_category_lead_settings","getpro","product-specific","composite_or_named","000_full_schema.sql","medium","high_if_moved_without_compat","high_if_moved_without_compat","true","getpro",""
"public.intake_client_projects","getpro","intake_client_projects","getpro","product-specific","integer_identity","000_full_schema.sql","medium","high_if_moved_without_compat","high_if_moved_without_compat","true","getpro",""
"public.intake_clients","getpro","intake_clients","getpro","product-specific","integer_identity","000_full_schema.sql","medium","high_if_moved_without_compat","high_if_moved_without_compat","true","getpro",""
"public.intake_code_sequences","getpro","intake_code_sequences","getpro","product-specific","composite_or_named","000_full_schema.sql","medium","high_if_moved_without_compat","high_if_moved_without_compat","true","getpro",""
"public.intake_deal_reviews","getpro","intake_deal_reviews","getpro","product-specific","integer_identity","000_full_schema.sql","medium","high_if_moved_without_compat","high_if_moved_without_compat","true","getpro",""
"public.intake_phone_otp","getpro","intake_phone_otp","getpro","product-specific","integer_identity","000_full_schema.sql","medium","high_if_moved_without_compat","high_if_moved_without_compat","true","getpro",""
"public.intake_project_assignments","getpro","intake_project_assignments","getpro","product-specific","integer_identity","000_full_schema.sql","medium","high_if_moved_without_compat","high_if_moved_without_compat","true","getpro",""
"public.intake_project_images","getpro","intake_project_images","getpro","product-specific","integer_identity","000_full_schema.sql","medium","high_if_moved_without_compat","high_if_moved_without_compat","true","getpro",""
"public.lead_comments","getpro","lead_comments","getpro","product-specific","integer_identity","000_full_schema.sql","medium","high_if_moved_without_compat","high_if_moved_without_compat","true","getpro",""
"public.leads","getpro","leads","getpro","product-specific","integer_identity","000_full_schema.sql","medium","high_if_moved_without_compat","high_if_moved_without_compat","true","getpro",""
"platform.database_identity","platform","database_identity","platform","shared","integer","128_platform_database_identity.sql","low","n/a_on_v4_branch","high_if_moved_without_compat","true","getpro",""
"platform.deployments","platform","deployments","platform","shared","text","129_platform_deployments.sql","low","n/a_on_v4_branch","high_if_moved_without_compat","true","getpro",""
"platform.schema_migrations","platform","schema_migrations","platform","shared","integer_identity","130_platform_schema_migrations.sql","low","n/a_on_v4_branch","high_if_moved_without_compat","true","getpro",""
"public.professional_signups","getpro","professional_signups","getpro","product-specific","integer_identity","000_full_schema.sql","medium","high_if_moved_without_compat","high_if_moved_without_compat","true","getpro",""
"public.reviews","getpro","reviews","getpro","product-specific","integer_identity","000_full_schema.sql","medium","high_if_moved_without_compat","high_if_moved_without_compat","true","getpro",""
"public.seed_run_items","platform","seed_run_items","platform","shared","integer_identity","005_seed_runs.sql","medium","high_if_moved_without_compat","high_if_moved_without_compat","true","getpro",""
"public.seed_runs","platform","seed_runs","platform","shared","integer_identity","005_seed_runs.sql","medium","high_if_moved_without_compat","high_if_moved_without_compat","true","getpro",""
"public.tenant_cities","getpro","tenant_cities","getpro","product-specific","integer_identity","000_full_schema.sql","medium","high_if_moved_without_compat","high_if_moved_without_compat","true","getpro",""
"public.tenant_commerce_settings","getpro","tenant_commerce_settings","getpro","product-specific","integer","000_full_schema.sql","medium","high_if_moved_without_compat","high_if_moved_without_compat","true","getpro",""
"public.tenants","platform","organizations","platform","shared","integer","000_full_schema.sql","critical","high_if_moved_without_compat","high_if_moved_without_compat","true","getpro",""
"public.session","platform","sessions","platform","shared","text_sid","runtime:connect-pg-simple","critical","critical_shared_store","critical_shared_store","true","getpro","createTableIfMissing; shared across deployments"
"public.cms_audit_log","ngo","cms_audit_log","ngo","product-specific","uuid","007_create_cms_tables.sql","medium","n/a","n/a","true","cda_platform","NGO cda_platform; live demo may lack tables beyond tenants/domains/settings"
"public.cms_events","ngo","cms_events","ngo","product-specific","uuid","007_create_cms_tables.sql","medium","n/a","n/a","true","cda_platform","NGO cda_platform; live demo may lack tables beyond tenants/domains/settings"
"public.cms_gallery_items","ngo","cms_gallery_items","ngo","product-specific","uuid","007_create_cms_tables.sql","medium","n/a","n/a","true","cda_platform","NGO cda_platform; live demo may lack tables beyond tenants/domains/settings"
"public.cms_homepage_sections","ngo","cms_homepage_sections","ngo","product-specific","uuid","007_create_cms_tables.sql","medium","n/a","n/a","true","cda_platform","NGO cda_platform; live demo may lack tables beyond tenants/domains/settings"
"public.cms_news_posts","ngo","cms_news_posts","ngo","product-specific","uuid","007_create_cms_tables.sql","medium","n/a","n/a","true","cda_platform","NGO cda_platform; live demo may lack tables beyond tenants/domains/settings"
"public.cms_pages","ngo","cms_pages","ngo","product-specific","uuid","007_create_cms_tables.sql","medium","n/a","n/a","true","cda_platform","NGO cda_platform; live demo may lack tables beyond tenants/domains/settings"
"public.cms_programs","ngo","cms_programs","ngo","product-specific","uuid","007_create_cms_tables.sql","medium","n/a","n/a","true","cda_platform","NGO cda_platform; live demo may lack tables beyond tenants/domains/settings"
"public.cms_resources","ngo","cms_resources","ngo","product-specific","uuid","007_create_cms_tables.sql","medium","n/a","n/a","true","cda_platform","NGO cda_platform; live demo may lack tables beyond tenants/domains/settings"
"public.media_assets","ngo","media_assets","ngo","product-specific","uuid","014_create_media_approval.sql","medium","n/a","n/a","true","cda_platform","NGO cda_platform; live demo may lack tables beyond tenants/domains/settings"
"public.media_audit_log","ngo","media_audit_log","ngo","product-specific","uuid","014_create_media_approval.sql","medium","n/a","n/a","true","cda_platform","NGO cda_platform; live demo may lack tables beyond tenants/domains/settings"
"public.platform_users","platform","organization_memberships","ngo","shared","uuid","004_create_platform_users.sql","high","n/a","n/a","true","cda_platform","NGO cda_platform; live demo may lack tables beyond tenants/domains/settings"
"public.sponsor_records","ngo","sponsor_records","ngo","product-specific","uuid","011_create_workflow_tables.sql","medium","n/a","n/a","true","cda_platform","NGO cda_platform; live demo may lack tables beyond tenants/domains/settings"
"public.sponsorship_children","ngo","sponsorship_children","ngo","product-specific","uuid","011_create_workflow_tables.sql","medium","n/a","n/a","true","cda_platform","NGO cda_platform; live demo may lack tables beyond tenants/domains/settings"
"public.sponsorship_requests","ngo","sponsorship_requests","ngo","product-specific","uuid","011_create_workflow_tables.sql","medium","n/a","n/a","true","cda_platform","NGO cda_platform; live demo may lack tables beyond tenants/domains/settings"
"public.tenant_domains","platform","organization_domains","ngo","shared","uuid","003_create_tenant_domains.sql","high","n/a","n/a","true","cda_platform","NGO cda_platform; live demo may lack tables beyond tenants/domains/settings"
"public.tenant_settings","ngo","site_settings","ngo","product-specific","uuid","002_create_tenant_settings.sql","medium","n/a","n/a","true","cda_platform","NGO cda_platform; live demo may lack tables beyond tenants/domains/settings"
"public.tenants","platform","organizations","ngo","shared","uuid","001_create_tenants.sql","high","n/a","n/a","true","cda_platform","NGO cda_platform; live demo may lack tables beyond tenants/domains/settings"
"public.volunteer_applications","ngo","volunteer_applications","ngo","product-specific","uuid","011_create_workflow_tables.sql","medium","n/a","n/a","true","cda_platform","NGO cda_platform; live demo may lack tables beyond tenants/domains/settings"
"public.volunteer_assignments","ngo","volunteer_assignments","ngo","product-specific","uuid","011_create_workflow_tables.sql","medium","n/a","n/a","true","cda_platform","NGO cda_platform; live demo may lack tables beyond tenants/domains/settings"
